7zip	0:26.02-1.fc44	aarch64
aajohan-comfortaa-fonts	0:3.105-0.9.20210729git2a87ac6.fc44	noarch
aardvark-dns	2:1.17.1-1.fc44	aarch64
abattis-cantarell-fonts	0:0.301-17.fc44	noarch
abattis-cantarell-vf-fonts	0:0.301-17.fc44	noarch
abrt	0:2.17.8-3.fc44	aarch64
abrt-addon-ccpp	0:2.17.8-3.fc44	aarch64
abrt-addon-kerneloops	0:2.17.8-3.fc44	aarch64
abrt-addon-pstoreoops	0:2.17.8-3.fc44	aarch64
abrt-addon-vmcore	0:2.17.8-3.fc44	aarch64
abrt-addon-xorg	0:2.17.8-3.fc44	aarch64
abrt-cli	0:2.17.8-3.fc44	aarch64
abrt-dbus	0:2.17.8-3.fc44	aarch64
abrt-desktop	0:2.17.8-3.fc44	aarch64
abrt-gui	0:2.17.8-3.fc44	aarch64
abrt-gui-libs	0:2.17.8-3.fc44	aarch64
abrt-libs	0:2.17.8-3.fc44	aarch64
abrt-plugin-bodhi	0:2.17.8-3.fc44	aarch64
abrt-tui	0:2.17.8-3.fc44	noarch
abseil-cpp	0:20260107.1-1.fc44	aarch64
accounts-qml-module-qt6	0:0.7^20231216.05e79eb-8.fc44	aarch64
accountsservice	0:23.13.9-16.fc44	aarch64
accountsservice-libs	0:23.13.9-16.fc44	aarch64
acl	0:2.4.0-1.fc44	aarch64
adobe-mappings-cmap	0:20231115-5.fc44	noarch
adobe-mappings-cmap-deprecated	0:20231115-5.fc44	noarch
adobe-mappings-pdf	0:20190401-12.fc44	noarch
adoptium-temurin-java-repository	0:1-20.fc44	noarch
adwaita-cursor-theme	0:50.0-1.fc44	noarch
adwaita-gtk2-theme	0:3.28-22.fc42	aarch64
adwaita-icon-theme	0:50.0-1.fc44	noarch
adwaita-icon-theme-legacy	0:46.2-7.fc44	noarch
adwaita-mono-fonts	0:50.0-1.fc44	noarch
adwaita-sans-fonts	0:50.0-1.fc44	noarch
aha	0:0.5.1-16.fc44	aarch64
akonadi-calendar	0:26.04.3-1.fc44	aarch64
akonadi-contacts	0:26.04.3-1.fc44	aarch64
akonadi-import-wizard	0:26.04.3-1.fc44	aarch64
akonadi-mime	0:26.04.3-1.fc44	aarch64
akonadi-search	0:26.04.3-1.fc44	aarch64
akonadi-server	0:26.04.3-2.fc44	aarch64
akonadi-server-mysql	0:26.04.3-2.fc44	aarch64
akregator	0:26.04.3-1.fc44	aarch64
akregator-libs	0:26.04.3-1.fc44	aarch64
alsa-lib	0:1.2.16.1-1.fc44	aarch64
alsa-ucm	0:1.2.16.1-1.fc44	noarch
alsa-ucm-asahi	0:8-4.fc44	noarch
alsa-utils	0:1.2.16-1.fc44	aarch64
alternatives	0:1.33-5.fc44	aarch64
anaconda-core	0:44.30-2.fc44	aarch64
anaconda-gui	0:44.30-2.fc44	aarch64
anaconda-tui	0:44.30-2.fc44	aarch64
anaconda-widgets	0:44.30-2.fc44	aarch64
anthy-unicode	0:1.0.0.20260213-1.fc44	aarch64
antiword	0:0.37-44.fc44	aarch64
appstream	0:1.1.3-1.fc44	aarch64
appstream-data	0:44-4.fc44	noarch
appstream-qt	0:1.1.3-1.fc44	aarch64
apr	0:1.7.6-5.fc44	aarch64
apr-util	0:1.6.3-27.fc44	aarch64
apr-util-lmdb	0:1.6.3-27.fc44	aarch64
apr-util-openssl	0:1.6.3-27.fc44	aarch64
aquamarine	0:0.13.0-1.fc44	aarch64
aribb24	0:1.0.3^20160216git5e9be27-5.fc44	aarch64
ark	0:26.04.3-1.fc44	aarch64
ark-libs	0:26.04.3-1.fc44	aarch64
armadillo	0:12.8.1-9.fc44	aarch64
arpack	0:3.9.1-9.fc44	aarch64
asahi-audio	0:3.4-5.fc44	noarch
asahi-battery	0:20250713-7.fc44	noarch
asahi-fwupdate	0:20250713-7.fc44	noarch
asahi-platform-metapackage	0:0-29.fc44	aarch64
asahi-platform-metapackage-audio	0:0-29.fc44	aarch64
asahi-platform-metapackage-core	0:0-29.fc44	aarch64
asahi-platform-metapackage-desktop	0:0-29.fc44	aarch64
asahi-platform-metapackage-fex	0:0-29.fc44	aarch64
asahi-platform-metapackage-mesa	0:0-29.fc44	aarch64
asahi-platform-metapackage-plasma	0:0-29.fc44	aarch64
asahi-repos	0:1-29.fc44	noarch
asahi-repos-dnf5-vendorchange-config	0:1-29.fc44	noarch
asahi-scripts	0:20250713-7.fc44	noarch
assimp	0:6.0.5-2.fc44	aarch64
at	0:3.2.5-21.fc44	aarch64
atheros-firmware	0:20260622-1.fc44	noarch
atk	0:2.60.5-1.fc44	aarch64
atkmm	0:2.28.5-1.fc44	aarch64
at-spi2-atk	0:2.60.5-1.fc44	aarch64
at-spi2-core	0:2.60.5-1.fc44	aarch64
attr	0:2.6.0-1.fc44	aarch64
audiocd-kio	0:26.04.3-1.fc44	aarch64
audiocd-kio-doc	0:26.04.3-1.fc44	noarch
audit	0:4.1.4-1.fc44	aarch64
audit-libs	0:4.1.4-1.fc44	aarch64
audit-rules	0:4.1.4-1.fc44	aarch64
augeas-libs	0:1.14.2-0.11.20260408gitada6219.fc44	aarch64
aurorae	0:6.7.3-1.fc44	aarch64
authselect	0:1.7.1-1.fc44	aarch64
authselect-libs	0:1.7.1-1.fc44	aarch64
autocorr-en	1:26.2.4.2-4.fc44	noarch
avahi	0:0.9~rc2-8.fc44	aarch64
avahi-glib	0:0.9~rc2-8.fc44	aarch64
avahi-gobject	0:0.9~rc2-8.fc44	aarch64
avahi-libs	0:0.9~rc2-8.fc44	aarch64
avahi-tools	0:0.9~rc2-8.fc44	aarch64
b43-fwcutter	0:020-1.fc44	aarch64
b43-openfwwf	0:5.2-48.fc44	noarch
baloo-widgets	0:26.04.3-1.fc44	aarch64
bash	0:5.3.9-3.fc44	aarch64
bash-color-prompt	0:0.7.1-3.fc44	noarch
bash-completion	1:2.17-2.fc44	noarch
bat	0:0.26.1-1.fc44	aarch64
bc	0:1.08.2-4.fc44	aarch64
bind-libs	32:9.18.50-1.fc44	aarch64
bind-utils	32:9.18.50-1.fc44	aarch64
binfmt-dispatcher	0:0.1.2-3.fc44	aarch64
binutils	0:2.46.1-1.fc44	aarch64
blivet-data	1:3.13.2-2.fc44	noarch
blivet-gui-runtime	0:2.6.0-12.fc44	noarch
blosc	0:1.21.6-10.fc44	aarch64
bluedevil	0:6.7.3-1.fc44	aarch64
bluez	0:5.87-3.fc44	aarch64
bluez-cups	0:5.87-3.fc44	aarch64
bluez-libs	0:5.87-3.fc44	aarch64
bluez-obexd	0:5.87-3.fc44	aarch64
bolt	0:0.9.11-1.fc44	aarch64
boost	0:1.90.0-7.fc44	aarch64
boost-atomic	0:1.90.0-7.fc44	aarch64
boost-charconv	0:1.90.0-7.fc44	aarch64
boost-chrono	0:1.90.0-7.fc44	aarch64
boost-cobalt	0:1.90.0-7.fc44	aarch64
boost-container	0:1.90.0-7.fc44	aarch64
boost-context	0:1.90.0-7.fc44	aarch64
boost-contract	0:1.90.0-7.fc44	aarch64
boost-coroutine	0:1.90.0-7.fc44	aarch64
boost-date-time	0:1.90.0-7.fc44	aarch64
boost-fiber	0:1.90.0-7.fc44	aarch64
boost-filesystem	0:1.90.0-7.fc44	aarch64
boost-graph	0:1.90.0-7.fc44	aarch64
boost-iostreams	0:1.90.0-7.fc44	aarch64
boost-json	0:1.90.0-7.fc44	aarch64
boost-locale	0:1.90.0-7.fc44	aarch64
boost-log	0:1.90.0-7.fc44	aarch64
boost-math	0:1.90.0-7.fc44	aarch64
boost-nowide	0:1.90.0-7.fc44	aarch64
boost-process	0:1.90.0-7.fc44	aarch64
boost-program-options	0:1.90.0-7.fc44	aarch64
boost-python3	0:1.90.0-7.fc44	aarch64
boost-random	0:1.90.0-7.fc44	aarch64
boost-regex	0:1.90.0-7.fc44	aarch64
boost-serialization	0:1.90.0-7.fc44	aarch64
boost-stacktrace	0:1.90.0-7.fc44	aarch64
boost-test	0:1.90.0-7.fc44	aarch64
boost-thread	0:1.90.0-7.fc44	aarch64
boost-timer	0:1.90.0-7.fc44	aarch64
boost-type_erasure	0:1.90.0-7.fc44	aarch64
boost-url	0:1.90.0-7.fc44	aarch64
boost-wave	0:1.90.0-7.fc44	aarch64
Box2D	0:2.4.2-7.fc44	aarch64
braille-printer-app	1:2.0~b0^386eea385f-11.fc44	aarch64
brcmfmac-firmware	0:20260622-1.fc44	noarch
breeze-cursor-theme	0:6.7.3-1.fc44	noarch
breeze-gtk-common	0:6.7.3-1.fc44	noarch
breeze-gtk-gtk2	0:6.7.3-1.fc44	noarch
breeze-gtk-gtk3	0:6.7.3-1.fc44	noarch
breeze-gtk-gtk4	0:6.7.3-1.fc44	noarch
breeze-icon-theme	0:6.28.0-1.fc44	noarch
breeze-icon-theme-fedora	0:6.28.0-1.fc44	noarch
brightnessctl	0:0.5.1-16.fc44	aarch64
brlapi	0:0.8.7-8.fc44	aarch64
brltty	0:6.8-8.fc44	aarch64
btop	0:1.4.7-1.fc44	aarch64
btrfs-progs	0:7.0-1.fc44	aarch64
bubblewrap	0:0.11.0-4.fc44	aarch64
bzip2	0:1.0.8-23.fc44	aarch64
bzip2-libs	0:1.0.8-23.fc44	aarch64
ca-certificates	0:2025.2.80_v9.0.304-7.fc44	noarch
cairo	0:1.18.4-6.fc44	aarch64
cairo-gobject	0:1.18.4-6.fc44	aarch64
cairomm	0:1.14.5-15.fc44	aarch64
cairomm1.16	0:1.18.0-16.fc44	aarch64
calamares	0:3.3.14-5.fc44	aarch64
calamares-firstboot-config	0:20240509-6.fc43	noarch
calamares-libs	0:3.3.14-5.fc44	aarch64
calendarsupport	0:26.04.3-1.fc44	aarch64
capstone	0:5.0.6-4.fc44	aarch64
c-ares	0:1.34.8-1.fc44	aarch64
catatonit	0:0.2.1-5.fc44	aarch64
catdoc	0:0.95-30.fc44	aarch64
catdoc-wordview	0:0.95-30.fc44	aarch64
cdparanoia-libs	0:10.2-50.fc44	aarch64
cdrdao	0:1.2.6-1.fc44	aarch64
cfitsio	0:4.6.3-2.fc44	aarch64
CharLS	0:2.4.3-2.fc44	aarch64
checkpolicy	0:3.10-1.fc44	aarch64
chrony	0:4.8-5.fc44	aarch64
cifs-utils	0:7.6-2.fc44	aarch64
cifs-utils-info	0:7.6-2.fc44	aarch64
cirrus-audio-firmware	0:20260622-1.fc44	noarch
cjson	0:1.7.19-1.fc44	aarch64
clang-libs	0:22.1.8-4.fc44	aarch64
clang-resource-filesystem	0:22.1.8-4.fc44	aarch64
cldr-emoji-annotation	1:48.2-1.fc44	noarch
cldr-emoji-annotation-dtd	1:48.2-1.fc44	noarch
clinfo	0:3.0.25.02.14-3.fc44	aarch64
clucene-contribs-lib	0:2.3.3.4-55.20130812.e8e3d20git.fc44	aarch64
clucene-core	0:2.3.3.4-55.20130812.e8e3d20git.fc44	aarch64
cmake-filesystem	0:4.3.0-1.fc44	aarch64
cmark-lib	0:0.31.1-3.fc44	aarch64
codec2	0:1.2.0-9.fc44	aarch64
colord	0:1.4.8-4.fc44	aarch64
colord-kde	0:26.04.3-1.fc44	aarch64
colord-libs	0:1.4.8-4.fc44	aarch64
color-filesystem	0:1-38.fc44	noarch
compat-lua-libs	0:5.1.5-31.fc44	aarch64
compiler-rt	0:22.1.8-4.fc44	aarch64
composefs	0:1.0.8-5.fc44	aarch64
composefs-libs	0:1.0.8-5.fc44	aarch64
compsize	0:1.5^git20250123.d79eacf-15.fc44	aarch64
conmon	2:2.2.1-2.fc44	aarch64
console-setup	0:1.245-3.fc44	noarch
containers-common	5:0.67.0-1.fc44	noarch
containers-common-extra	5:0.67.0-1.fc44	noarch
container-selinux	4:2.250.0-1.fc44	noarch
coreutils	0:9.10-4.fc44	aarch64
coreutils-common	0:9.10-4.fc44	aarch64
corosynclib	0:3.1.10-5.fc44	aarch64
cpio	0:2.15-9.fc44	aarch64
cpp	0:16.1.1-2.fc44	aarch64
cracklib	0:2.10.3-1.fc44	aarch64
cracklib-dicts	0:2.10.3-1.fc44	aarch64
criu	0:4.2.1-1.fc44	aarch64
criu-libs	0:4.2.1-1.fc44	aarch64
cronie	0:1.7.2-16.fc44	aarch64
cronie-anacron	0:1.7.2-16.fc44	aarch64
crontabs	0:1.11^20190603git9e74f2d-10.fc44	noarch
crun	0:1.28-1.fc44	aarch64
cryfs	0:0.11.3-15.fc44	aarch64
crypto-policies	0:20251128-3.git19878fe.fc44	noarch
crypto-policies-scripts	0:20251128-3.git19878fe.fc44	noarch
cryptsetup	0:2.8.4-1.fc44	aarch64
cryptsetup-libs	0:2.8.4-1.fc44	aarch64
ctags	0:6.2.1-3.fc44	aarch64
cups	1:2.4.19-3.fc44	aarch64
cups-browsed	1:2.1.1-7.fc44	aarch64
cups-client	1:2.4.19-3.fc44	aarch64
cups-filesystem	1:2.4.19-3.fc44	noarch
cups-filters	1:2.0.1-14.fc44	aarch64
cups-filters-driverless	1:2.0.1-14.fc44	aarch64
cups-ipptool	1:2.4.19-3.fc44	aarch64
cups-libs	1:2.4.19-3.fc44	aarch64
cups-pk-helper	0:0.2.7-12.fc44	aarch64
curl	0:8.18.0-7.fc44	aarch64
cyrus-sasl-gssapi	0:2.1.28-35.fc44	aarch64
cyrus-sasl-lib	0:2.1.28-35.fc44	aarch64
cyrus-sasl-md5	0:2.1.28-35.fc44	aarch64
cyrus-sasl-plain	0:2.1.28-35.fc44	aarch64
dbus	1:1.16.2-1.fc44	aarch64
dbus-broker	0:37-8.fc44	aarch64
dbus-common	1:1.16.2-1.fc44	noarch
dbus-daemon	1:1.16.2-1.fc44	aarch64
dbus-libs	1:1.16.2-1.fc44	aarch64
dbusmenu-qt5	0:0.9.3-0.40.20160218.fc44	aarch64
dbus-tools	1:1.16.2-1.fc44	aarch64
dbus-x11	1:1.16.2-1.fc44	aarch64
dconf	0:0.49.0-5.fc44	aarch64
ddcutil	0:2.2.1-3.fc44	aarch64
default-editor	0:8.7.1-2.fc44	noarch
default-fonts-am	0:4.3-1.fc44	noarch
default-fonts-ar	0:4.3-1.fc44	noarch
default-fonts-as	0:4.3-1.fc44	noarch
default-fonts-ast	0:4.3-1.fc44	noarch
default-fonts-be	0:4.3-1.fc44	noarch
default-fonts-bg	0:4.3-1.fc44	noarch
default-fonts-bn	0:4.3-1.fc44	noarch
default-fonts-bo	0:4.3-1.fc44	noarch
default-fonts-br	0:4.3-1.fc44	noarch
default-fonts-chr	0:4.3-1.fc44	noarch
default-fonts-cjk-mono	0:4.3-1.fc44	noarch
default-fonts-cjk-sans	0:4.3-1.fc44	noarch
default-fonts-cjk-serif	0:4.3-1.fc44	noarch
default-fonts-core-emoji	0:4.3-1.fc44	noarch
default-fonts-core-math	0:4.3-1.fc44	noarch
default-fonts-core-mono	0:4.3-1.fc44	noarch
default-fonts-core-sans	0:4.3-1.fc44	noarch
default-fonts-core-serif	0:4.3-1.fc44	noarch
default-fonts-dv	0:4.3-1.fc44	noarch
default-fonts-dz	0:4.3-1.fc44	noarch
default-fonts-el	0:4.3-1.fc44	noarch
default-fonts-eo	0:4.3-1.fc44	noarch
default-fonts-eu	0:4.3-1.fc44	noarch
default-fonts-fa	0:4.3-1.fc44	noarch
default-fonts-got	0:4.3-1.fc44	noarch
default-fonts-gu	0:4.3-1.fc44	noarch
default-fonts-he	0:4.3-1.fc44	noarch
default-fonts-hi	0:4.3-1.fc44	noarch
default-fonts-hy	0:4.3-1.fc44	noarch
default-fonts-ia	0:4.3-1.fc44	noarch
default-fonts-ii	0:4.3-1.fc44	noarch
default-fonts-iu	0:4.3-1.fc44	noarch
default-fonts-ka	0:4.3-1.fc44	noarch
default-fonts-kab	0:4.3-1.fc44	noarch
default-fonts-km	0:4.3-1.fc44	noarch
default-fonts-kn	0:4.3-1.fc44	noarch
default-fonts-ku	0:4.3-1.fc44	noarch
default-fonts-lo	0:4.3-1.fc44	noarch
default-fonts-mai	0:4.3-1.fc44	noarch
default-fonts-ml	0:4.3-1.fc44	noarch
default-fonts-mni	0:4.3-1.fc44	noarch
default-fonts-mr	0:4.3-1.fc44	noarch
default-fonts-my	0:4.3-1.fc44	noarch
default-fonts-nb	0:4.3-1.fc44	noarch
default-fonts-ne	0:4.3-1.fc44	noarch
default-fonts-nn	0:4.3-1.fc44	noarch
default-fonts-nqo	0:4.3-1.fc44	noarch
default-fonts-nr	0:4.3-1.fc44	noarch
default-fonts-nso	0:4.3-1.fc44	noarch
default-fonts-or	0:4.3-1.fc44	noarch
default-fonts-other-mono	0:4.3-1.fc44	noarch
default-fonts-other-sans	0:4.3-1.fc44	noarch
default-fonts-other-serif	0:4.3-1.fc44	noarch
default-fonts-pa	0:4.3-1.fc44	noarch
default-fonts-ru	0:4.3-1.fc44	noarch
default-fonts-sat	0:4.3-1.fc44	noarch
default-fonts-si	0:4.3-1.fc44	noarch
default-fonts-ss	0:4.3-1.fc44	noarch
default-fonts-syr	0:4.3-1.fc44	noarch
default-fonts-ta	0:4.3-1.fc44	noarch
default-fonts-te	0:4.3-1.fc44	noarch
default-fonts-th	0:4.3-1.fc44	noarch
default-fonts-tn	0:4.3-1.fc44	noarch
default-fonts-ts	0:4.3-1.fc44	noarch
default-fonts-uk	0:4.3-1.fc44	noarch
default-fonts-ur	0:4.3-1.fc44	noarch
default-fonts-ve	0:4.3-1.fc44	noarch
default-fonts-vi	0:4.3-1.fc44	noarch
default-fonts-xh	0:4.3-1.fc44	noarch
default-fonts-yi	0:4.3-1.fc44	noarch
default-fonts-zu	0:4.3-1.fc44	noarch
dejavu-sans-fonts	0:2.37-29.fc44	noarch
deltarpm	0:3.6.5-8.fc44	aarch64
desktop-backgrounds-compat	0:44.0.0-2.fc44	noarch
desktop-backgrounds-kde	0:44.0.0-2.fc44	noarch
desktop-file-utils	0:0.28-5.fc44	aarch64
device-mapper	0:1.02.212-2.fc44	aarch64
device-mapper-event	0:1.02.212-2.fc44	aarch64
device-mapper-event-libs	0:1.02.212-2.fc44	aarch64
device-mapper-libs	0:1.02.212-2.fc44	aarch64
device-mapper-multipath	0:0.13.1-1.fc44	aarch64
device-mapper-multipath-libs	0:0.13.1-1.fc44	aarch64
device-mapper-persistent-data	0:1.3.3-1.fc44	aarch64
dhcp-client	12:4.4.3-26.fc44	aarch64
dhcp-common	12:4.4.3-26.fc44	noarch
diffstat	0:1.69-1.fc44	aarch64
diffutils	0:3.12-5.fc44	aarch64
digikam	0:9.1.0-1.fc44	aarch64
digikam-libs	0:9.1.0-1.fc44	aarch64
distribution-gpg-keys	0:1.119-1.fc44	noarch
djvulibre-libs	0:3.5.30-1.fc44	aarch64
dlm-lib	0:4.3.0-8.fc44	aarch64
dmidecode	1:3.7-1.fc44	aarch64
dnf5	0:5.4.2.1-1.fc44	aarch64
dnf5-plugins	0:5.4.2.1-1.fc44	aarch64
dnf-data	0:4.24.0-3.fc44	noarch
dnsmasq	0:2.92rel2-9.fc44	aarch64
dns-root-data	0:2026260100-2.fc44	noarch
docbook-dtds	0:1.0-91.fc44	noarch
docbook-style-xsl	0:1.79.2-27.fc44	noarch
dolphin	0:26.04.3-1.fc44	aarch64
dolphin-libs	0:26.04.3-1.fc44	aarch64
dolphin-plugins	0:26.04.3-1.fc44	aarch64
dos2unix	0:7.5.5-1.fc44	aarch64
dosfstools	0:4.2-18.fc44	aarch64
dotconf	0:1.4.1-7.fc44	aarch64
double-conversion	0:3.4.0-3.fc44	aarch64
doxygen	2:1.16.1-3.fc44	aarch64
dracut	0:108-7.fc44	aarch64
dracut-asahi	0:20250713-7.fc44	noarch
dracut-network	0:108-7.fc44	aarch64
dracut-squash	0:108-7.fc44	aarch64
dragon	0:26.04.3-1.fc44	aarch64
duktape	0:2.7.0-11.fc44	aarch64
dvd+rw-tools	0:7.1-46.fc44	aarch64
dyninst	0:13.0.0-9.fc44	aarch64
e2fsprogs	0:1.47.3-4.fc44	aarch64
e2fsprogs-libs	0:1.47.3-4.fc44	aarch64
ebook-tools-libs	0:0.2.2-31.fc44	aarch64
ed	0:1.22.5-2.fc44	aarch64
editorconfig-libs	0:0.12.11-1.fc44	aarch64
efibootmgr	0:18-11.fc44	aarch64
efi-filesystem	0:6-6.fc44	noarch
efivar-libs	0:39-12.fc44	aarch64
egl-utils	0:9.0.0-11.fc44	aarch64
elfutils	0:0.195-1.fc44	aarch64
elfutils-debuginfod-client	0:0.195-1.fc44	aarch64
elfutils-debuginfod-client-devel	0:0.195-1.fc44	aarch64
elfutils-default-yama-scope	0:0.195-1.fc44	noarch
elfutils-devel	0:0.195-1.fc44	aarch64
elfutils-libelf	0:0.195-1.fc44	aarch64
elfutils-libelf-devel	0:0.195-1.fc44	aarch64
elfutils-libs	0:0.195-1.fc44	aarch64
elisa-player	0:26.04.3-1.fc44	aarch64
emacs-filesystem	1:30.2-2.fc44	aarch64
enblend	0:4.2-35.fc44	aarch64
enchant2	0:2.8.18-1.fc44	aarch64
erofs-fuse	0:1.9.2-2.fc44	aarch64
erofs-utils	0:1.9.2-2.fc44	aarch64
espeak-ng	0:1.52.0-3.fc44	aarch64
ethtool	2:7.1-1.fc44	aarch64
eventviews	0:26.04.3-1.fc44	aarch64
exempi	0:2.6.4-9.fc44	aarch64
exfatprogs	0:1.4.2-2.fc44	aarch64
exiv2	0:0.28.6-3.fc44	aarch64
exiv2-libs	0:0.28.6-3.fc44	aarch64
expat	0:2.8.1-1.fc44	aarch64
f2fs-tools	0:1.16.0-10.fc44	aarch64
f42-backgrounds-base	0:42.0.0-5.fc44	noarch
f42-backgrounds-kde	0:42.0.0-5.fc44	noarch
f44-backgrounds-base	0:44.0.0-1.fc44	noarch
f44-backgrounds-kde	0:44.0.0-1.fc44	noarch
faad2-libs	1:2.11.2-6.fc44	aarch64
fatresize	0:1.1.0-20.20221116gitab78c48.fc44	aarch64
fdk-aac-free	0:2.0.3-2.fc44	aarch64
fedora-asahi-remix-appstream-metadata	0:20260427-1.fc44	noarch
fedora-asahi-remix-release-common	0:44-15	noarch
fedora-asahi-remix-release-identity-kde-desktop	0:44-15	noarch
fedora-asahi-remix-release-kde-desktop	0:44-15	noarch
fedora-asahi-remix-scripts	0:20241123-3.fc44	noarch
fedora-bookmarks	0:28-36.fc44	noarch
fedora-flathub-remote	0:1-12.fc44	noarch
fedora-gpg-keys	0:44-1	noarch
fedora-logos	0:42.0.1-3.fc44	noarch
fedora-repos	0:44-1	noarch
fedora-third-party	0:0.10-16.fc44	noarch
fedora-workstation-repositories	0:38-9.fc44	aarch64
fex-emu	0:2604-1.fc44	aarch64
fex-emu-filesystem	0:2604-1.fc44	noarch
fex-emu-rootfs-fedora	0:44^20260410.n.0-1.fc44	noarch
fex-emu-thunks	0:2604-1.fc44	aarch64
ffmpeg-free	0:8.1.2-1.fc44	aarch64
ffmpegthumbs	0:26.04.3-1.fc44	aarch64
fftw-libs-double	0:3.3.10-17.fc44	aarch64
fftw-libs-single	0:3.3.10-17.fc44	aarch64
file	0:5.46-10.fc44	aarch64
file-libs	0:5.46-10.fc44	aarch64
filelight	1:26.04.3-1.fc44	aarch64
filesystem	0:3.18-52.fc44	aarch64
findutils	1:4.10.0-7.fc44	aarch64
firefox	0:152.0.6-1.fc44	aarch64
firefox-langpacks	0:152.0.6-1.fc44	aarch64
firewall-config	0:2.4.4-1.fc44	noarch
firewalld	0:2.4.4-1.fc44	noarch
firewalld-filesystem	0:2.4.4-1.fc44	noarch
flac-libs	0:1.5.0-8.fc44	aarch64
flashrom	0:1.6.0-3.fc44	aarch64
flatpak	0:1.18.0-1.fc44	aarch64
flatpak-kcm	0:6.7.3-1.fc44	aarch64
flatpak-libs	0:1.18.0-1.fc44	aarch64
flatpak-selinux	0:1.18.0-1.fc44	noarch
flatpak-session-helper	0:1.18.0-1.fc44	aarch64
flexiblas	0:3.5.0-2.fc44	aarch64
flexiblas-netlib	0:3.5.0-2.fc44	aarch64
flexiblas-netlib64	0:3.5.0-2.fc44	aarch64
flexiblas-openblas-openmp	0:3.5.0-2.fc44	aarch64
flexiblas-openblas-openmp64	0:3.5.0-2.fc44	aarch64
flexiblas-openblas-serial	0:3.5.0-2.fc44	aarch64
flite	0:2.2-13.fc44	aarch64
fmt	0:11.2.0-4.fc44	aarch64
fontawesome-6-brands-fonts	1:6.7.2-4.fc44	noarch
fontawesome-6-free-fonts	1:6.7.2-4.fc44	noarch
fontconfig	0:2.17.0-4.fc44	aarch64
fonts-filesystem	1:5.0.0-2.fc44	noarch
fpaste	0:0.5.0.0-4.fc44	noarch
fprintd	0:1.94.5-5.fc44	aarch64
fprintd-pam	0:1.94.5-5.fc44	aarch64
freecell-solver-data	0:6.16.0-2.fc44	noarch
freeglut	0:3.8.0-2.fc44	aarch64
freerdp	2:3.30.0-1.fc44	aarch64
freerdp2-libs	0:2.11.7-11.fc44	aarch64
freerdp-libs	2:3.30.0-1.fc44	aarch64
freetype	0:2.14.3-1.fc44	aarch64
freexl	0:2.0.0-20.fc44	aarch64
fribidi	0:1.0.16-4.fc44	aarch64
fstrm	0:0.6.1-14.fc44	aarch64
fuse	0:2.9.9-25.fc44	aarch64
fuse3	0:3.18.2-1.fc44	aarch64
fuse3-libs	0:3.18.2-1.fc44	aarch64
fuse-common	0:3.18.2-1.fc44	aarch64
fuse-encfs	0:1.9.5-28.fc44	aarch64
fuse-libs	0:2.9.9-25.fc44	aarch64
fuse-overlayfs	0:1.16-2.fc44	aarch64
fuse-sshfs	0:3.7.6-1.fc44	aarch64
fwupd	0:2.1.6-1.fc44	aarch64
fwupd-efi	0:1.8-1.fc44	aarch64
fwupd-plugin-modem-manager	0:2.1.6-1.fc44	aarch64
fwupd-plugin-uefi-capsule-data	0:2.1.6-1.fc44	aarch64
fzf	0:0.74.0-1.fc44	aarch64
game-music-emu	0:0.6.4-3.fc44	aarch64
gawk	0:5.3.2-3.fc44	aarch64
gawk-all-langpacks	0:5.3.2-3.fc44	aarch64
gcc	0:16.1.1-2.fc44	aarch64
gcr3	0:3.41.1-12.fc44	aarch64
gcr3-base	0:3.41.1-12.fc44	aarch64
gcr-libs	0:4.4.0.1-7.fc44	aarch64
gd	0:2.3.3-21.fc44	aarch64
gdal-libs	0:3.12.4-1.fc44	aarch64
gdb-headless	0:17.2-2.fc44	aarch64
gdbm	1:1.23-11.fc44	aarch64
gdbm-libs	1:1.23-11.fc44	aarch64
gdcm	0:3.0.24-17.fc44	aarch64
gdk-pixbuf2	0:2.44.4-2.fc44	aarch64
gdouros-symbola-fonts	0:10.24-19.fc44	noarch
genisoimage	0:1.1.11-63.fc44	aarch64
geoclue2	0:2.8.2-1.fc44	aarch64
geolite2-city	0:20191217-16.fc44	noarch
geolite2-country	0:20191217-16.fc44	noarch
geos	0:3.14.1-2.fc44	aarch64
gettext	0:0.26-5.fc44	aarch64
gettext-envsubst	0:0.26-5.fc44	aarch64
gettext-libs	0:0.26-5.fc44	aarch64
gettext-runtime	0:0.26-5.fc44	aarch64
ghostscript	0:10.06.0-2.fc44	aarch64
ghostscript-tools-fontutils	0:10.06.0-2.fc44	noarch
ghostscript-tools-printing	0:10.06.0-2.fc44	noarch
giflib	0:6.1.3-2.fc44	aarch64
git	0:2.55.0-1.fc44	aarch64
git-core	0:2.55.0-1.fc44	aarch64
git-core-doc	0:2.55.0-1.fc44	noarch
glib2	0:2.88.2-1.fc44	aarch64
glibc	0:2.43-7.fc44	aarch64
glibc-all-langpacks	0:2.43-7.fc44	aarch64
glibc-common	0:2.43-7.fc44	aarch64
glibc-devel	0:2.43-7.fc44	aarch64
glibc-gconv-extra	0:2.43-7.fc44	aarch64
glibc-minimal-langpack	0:2.43-7.fc44	aarch64
glibmm2.4	0:2.66.9-1.fc44	aarch64
glibmm2.68	0:2.88.1-1.fc44	aarch64
glib-networking	0:2.80.1-4.fc44	aarch64
glx-utils	0:9.0.0-11.fc44	aarch64
glycin-libs	0:2.1.5-1.fc44	aarch64
glycin-loaders	0:2.1.5-1.fc44	aarch64
gmp	1:6.3.0-5.fc44	aarch64
gnome-abrt	1:1.4.3-9.fc44	aarch64
gnome-keyring	0:50.0-1.fc44	aarch64
gnulib-l10n	0:20241231-2.fc44	noarch
gnupg2	0:2.4.9-16.fc44	aarch64
gnupg2-dirmngr	0:2.4.9-16.fc44	aarch64
gnupg2-g13	0:2.4.9-16.fc44	aarch64
gnupg2-gpg-agent	0:2.4.9-16.fc44	aarch64
gnupg2-gpgconf	0:2.4.9-16.fc44	aarch64
gnupg2-keyboxd	0:2.4.9-16.fc44	aarch64
gnupg2-scdaemon	0:2.4.9-16.fc44	aarch64
gnupg2-smime	0:2.4.9-16.fc44	aarch64
gnupg2-utils	0:2.4.9-16.fc44	aarch64
gnupg2-verify	0:2.4.9-16.fc44	aarch64
gnupg2-wks	0:2.4.9-16.fc44	aarch64
gnustep-base-libs	0:1.31.0-8.fc44	aarch64
gnustep-filesystem	0:2.9.3-4.fc44	aarch64
gnustep-make	0:2.9.3-4.fc44	aarch64
gnutls	0:3.8.13-1.fc44	aarch64
gnutls-dane	0:3.8.13-1.fc44	aarch64
gobject-introspection	0:1.86.0-3.fc44	aarch64
gocryptfs	0:2.6.1-5.fc44	aarch64
google-carlito-fonts	0:1.103-0.28.20130920.fc44	noarch
google-crosextra-caladea-fonts	1:1.002-0.22.20130214.fc44	noarch
google-droid-sans-fonts	0:20200215-24.fc44	noarch
google-noto-color-emoji-fonts	0:20250623-4.fc44	noarch
google-noto-emoji-fonts	0:20250623-4.fc44	noarch
google-noto-fonts-common	0:20251201-2.fc44	noarch
google-noto-naskh-arabic-vf-fonts	0:20251201-2.fc44	noarch
google-noto-sans-arabic-vf-fonts	0:20251201-2.fc44	noarch
google-noto-sans-armenian-vf-fonts	0:20251201-2.fc44	noarch
google-noto-sans-bengali-vf-fonts	0:20251201-2.fc44	noarch
google-noto-sans-canadian-aboriginal-vf-fonts	0:20251201-2.fc44	noarch
google-noto-sans-cherokee-vf-fonts	0:20251201-2.fc44	noarch
google-noto-sans-cjk-vf-fonts	1:2.004-11.fc44	noarch
google-noto-sans-devanagari-vf-fonts	0:20251201-2.fc44	noarch
google-noto-sans-ethiopic-vf-fonts	0:20251201-2.fc44	noarch
google-noto-sans-fonts	0:20251201-2.fc44	noarch
google-noto-sans-georgian-vf-fonts	0:20251201-2.fc44	noarch
google-noto-sans-gothic-fonts	0:20251201-2.fc44	noarch
google-noto-sans-gujarati-vf-fonts	0:20251201-2.fc44	noarch
google-noto-sans-gurmukhi-vf-fonts	0:20251201-2.fc44	noarch
google-noto-sans-hebrew-vf-fonts	0:20251201-2.fc44	noarch
google-noto-sans-kannada-vf-fonts	0:20251201-2.fc44	noarch
google-noto-sans-khmer-vf-fonts	0:20251201-2.fc44	noarch
google-noto-sans-lao-vf-fonts	0:20251201-2.fc44	noarch
google-noto-sans-math-fonts	0:20251201-2.fc44	noarch
google-noto-sans-meetei-mayek-vf-fonts	0:20251201-2.fc44	noarch
google-noto-sans-mono-cjk-vf-fonts	1:2.004-11.fc44	noarch
google-noto-sans-mono-fonts	0:20251201-2.fc44	noarch
google-noto-sans-mono-vf-fonts	0:20251201-2.fc44	noarch
google-noto-sans-nko-fonts	0:20251201-2.fc44	noarch
google-noto-sans-ol-chiki-vf-fonts	0:20251201-2.fc44	noarch
google-noto-sans-oriya-vf-fonts	0:20251201-2.fc44	noarch
google-noto-sans-sinhala-vf-fonts	0:20251201-2.fc44	noarch
google-noto-sans-symbols-2-fonts	0:20251201-2.fc44	noarch
google-noto-sans-symbols-vf-fonts	0:20251201-2.fc44	noarch
google-noto-sans-syriac-vf-fonts	0:20251201-2.fc44	noarch
google-noto-sans-tamil-vf-fonts	0:20251201-2.fc44	noarch
google-noto-sans-telugu-vf-fonts	0:20251201-2.fc44	noarch
google-noto-sans-thaana-vf-fonts	0:20251201-2.fc44	noarch
google-noto-sans-thai-vf-fonts	0:20251201-2.fc44	noarch
google-noto-sans-vf-fonts	0:20251201-2.fc44	noarch
google-noto-sans-yi-fonts	0:20251201-2.fc44	noarch
google-noto-serif-armenian-vf-fonts	0:20251201-2.fc44	noarch
google-noto-serif-bengali-vf-fonts	0:20251201-2.fc44	noarch
google-noto-serif-cjk-vf-fonts	1:2.003-4.fc44	noarch
google-noto-serif-devanagari-vf-fonts	0:20251201-2.fc44	noarch
google-noto-serif-ethiopic-vf-fonts	0:20251201-2.fc44	noarch
google-noto-serif-fonts	0:20251201-2.fc44	noarch
google-noto-serif-georgian-vf-fonts	0:20251201-2.fc44	noarch
google-noto-serif-gujarati-vf-fonts	0:20251201-2.fc44	noarch
google-noto-serif-gurmukhi-vf-fonts	0:20251201-2.fc44	noarch
google-noto-serif-hebrew-vf-fonts	0:20251201-2.fc44	noarch
google-noto-serif-kannada-vf-fonts	0:20251201-2.fc44	noarch
google-noto-serif-khmer-vf-fonts	0:20251201-2.fc44	noarch
google-noto-serif-lao-vf-fonts	0:20251201-2.fc44	noarch
google-noto-serif-oriya-vf-fonts	0:20251201-2.fc44	noarch
google-noto-serif-sinhala-vf-fonts	0:20251201-2.fc44	noarch
google-noto-serif-tamil-vf-fonts	0:20251201-2.fc44	noarch
google-noto-serif-telugu-vf-fonts	0:20251201-2.fc44	noarch
google-noto-serif-thai-vf-fonts	0:20251201-2.fc44	noarch
google-noto-serif-vf-fonts	0:20251201-2.fc44	noarch
gpgme	0:2.0.1-5.fc44	aarch64
gpgmepp	0:2.0.1-5.fc44	aarch64
gpg-pubkey	0:00c08ea0-63a4b617	(none)
gpg-pubkey	0:07862204-692486a0	(none)
gpg-pubkey	0:105ef944-65ca83d1	(none)
gpg-pubkey	0:3aa33141-6395721b	(none)
gpg-pubkey	0:3da73637-64f74318	(none)
gpg-pubkey	0:57d048ce-63986abd	(none)
gpg-pubkey	0:6d9f90a6-6786af3b	(none)
gpg-pubkey	0:cfb83114-63986ced	(none)
gpsd-libs	1:3.27.5-5.fc44	aarch64
grantlee-editor	0:26.04.3-1.fc44	aarch64
grantlee-editor-libs	0:26.04.3-1.fc44	aarch64
grantleetheme	0:26.04.3-1.fc44	aarch64
graphene	0:1.10.8-4.fc44	aarch64
graphite2	0:1.3.14-20.fc44	aarch64
graphviz	0:14.1.4-2.fc44	aarch64
graphviz-libs	0:14.1.4-2.fc44	aarch64
grep	0:3.12-3.fc44	aarch64
grim	0:1.5.0-3.fc44	aarch64
groff-base	0:1.23.0-12.fc44	aarch64
grub2-common	1:2.12-60.fc44	noarch
grub2-efi-aa64	1:2.12-60.fc44	aarch64
grub2-efi-aa64-modules	1:2.12-60.fc44	noarch
grub2-tools	1:2.12-60.fc44	aarch64
grub2-tools-minimal	1:2.12-60.fc44	aarch64
grubby	0:8.40-88.fc44	aarch64
gsettings-desktop-schemas	0:50.1-1.fc44	aarch64
gsl	0:2.8-3.fc44	aarch64
gsm	0:1.0.24-2.fc44	aarch64
gssdp	0:1.6.6-1.fc44	aarch64
gssproxy	0:0.9.2-10.fc44	aarch64
gstreamer1	0:1.28.5-1.fc44	aarch64
gstreamer1-plugin-dav1d	0:0.15.0-1.fc44	aarch64
gstreamer1-plugin-libav	0:1.28.5-1.fc44	aarch64
gstreamer1-plugin-openh264	0:1.28.5-1.fc44	aarch64
gstreamer1-plugins-bad-free	0:1.28.5-1.fc44	aarch64
gstreamer1-plugins-bad-free-libs	0:1.28.5-1.fc44	aarch64
gstreamer1-plugins-base	0:1.28.5-1.fc44	aarch64
gstreamer1-plugins-good	0:1.28.5-1.fc44	aarch64
gstreamer1-plugins-good-gtk	0:1.28.5-1.fc44	aarch64
gstreamer1-plugins-good-qt	0:1.28.5-1.fc44	aarch64
gstreamer1-plugins-good-qt6	0:1.28.5-1.fc44	aarch64
gstreamer1-plugins-ugly-free	0:1.28.5-1.fc44	aarch64
gtk2	0:2.24.33-25.fc44	aarch64
gtk2-engines	0:2.20.2-34.fc44	aarch64
gtk2-immodule-xim	0:2.24.33-25.fc44	aarch64
gtk3	0:3.24.52-1.fc44	aarch64
gtk3-immodule-xim	0:3.24.52-1.fc44	aarch64
gtk4	0:4.22.4-1.fc44	aarch64
gtk4-layer-shell	0:1.3.0-1.fc44	aarch64
gtk-layer-shell	0:0.10.0-1.fc44	aarch64
gtkmm3.0	0:3.24.11-1.fc44	aarch64
gtkmm4.0	0:4.22.0-1.fc44	aarch64
gtk-update-icon-cache	0:3.24.52-1.fc44	aarch64
gts	0:0.7.6-52.20121130.fc44	aarch64
gupnp	0:1.6.10-1.fc44	aarch64
gupnp-igd	0:1.6.0-8.fc44	aarch64
gutenprint	0:5.3.5-7.fc44	aarch64
gutenprint-cups	0:5.3.5-7.fc44	aarch64
gutenprint-libs	0:5.3.5-7.fc44	aarch64
gwenview	1:26.04.3-1.fc44	aarch64
gwenview-libs	1:26.04.3-1.fc44	aarch64
gzip	0:1.14-2.fc44	aarch64
harfbuzz	0:14.1.0-2.fc44	aarch64
harfbuzz-icu	0:14.1.0-2.fc44	aarch64
hdf5	0:1.14.6-7.fc44	aarch64
hdf-libs	0:4.3.0-5.fc44	aarch64
hdparm	0:9.65-10.fc44	aarch64
hfsplus-tools	0:540.1.linux3-36.fc44	aarch64
hfsutils	0:3.2.6-53.fc42	aarch64
hicolor-icon-theme	0:0.18-3.fc44	noarch
hidapi	0:0.15.0-3.fc44	aarch64
highcontrast-icon-theme	0:3.28-22.fc42	noarch
highway	0:1.3.0-2.fc44	aarch64
hiredis	0:1.2.0-8.fc44	aarch64
hostname	0:3.25-4.fc44	aarch64
hplip	0:3.26.4-7.fc44	aarch64
hplip-common	0:3.26.4-7.fc44	aarch64
hplip-gui	0:3.26.4-7.fc44	aarch64
hplip-libs	0:3.26.4-7.fc44	aarch64
hugin-base	0:2025.0.1-2.fc44	aarch64
hunspell	0:1.7.3-1.fc44	aarch64
hunspell-en	0:0.20260225-2.fc44	noarch
hunspell-en-AU	0:0.20260225-2.fc44	noarch
hunspell-en-CA	0:0.20260225-2.fc44	noarch
hunspell-en-GB	0:0.20260225-2.fc44	noarch
hunspell-en-US	0:0.20260225-2.fc44	noarch
hunspell-filesystem	0:1.7.3-1.fc44	aarch64
hwdata	0:0.409-1.fc44	noarch
hyperv-daemons	0:6.10-3.fc44	aarch64
hyperv-daemons-license	0:6.10-3.fc44	noarch
hypervkvpd	0:6.10-3.fc44	aarch64
hypervvssd	0:6.10-3.fc44	aarch64
hyphen	0:2.8.8-28.fc44	aarch64
hyphen-en	0:2.8.8-28.fc44	noarch
hyprcursor	0:0.1.13-2.fc44	aarch64
hyprgraphics	0:0.5.1-5.fc44	aarch64
hyprland	0:0.56.0-1.fc44	aarch64
hyprland-guiutils	0:0.2.2-1.fc44	aarch64
hyprland-uwsm	0:0.56.0-1.fc44	aarch64
hyprlang	0:0.6.8-4.fc44	aarch64
hyprtoolkit	0:0.5.4-3.fc44	aarch64
hyprutils	0:0.14.0-1.fc44	aarch64
hyprwire	0:0.3.1-4.fc44	aarch64
i2c-tools	0:4.4-4.fc44	aarch64
ibus	0:1.5.34-4.fc44	aarch64
ibus-anthy	0:1.5.18-2.fc44	aarch64
ibus-anthy-python	0:1.5.18-2.fc44	noarch
ibus-chewing	0:2.1.7-2.fc44	aarch64
ibus-gtk2	0:1.5.34-4.fc44	aarch64
ibus-gtk3	0:1.5.34-4.fc44	aarch64
ibus-gtk4	0:1.5.34-4.fc44	aarch64
ibus-hangul	0:1.5.5-12.fc44	aarch64
ibus-libpinyin	0:1.16.5-3.fc44	aarch64
ibus-libs	0:1.5.34-4.fc44	aarch64
ibus-m17n	0:1.4.39-1.fc44	aarch64
ibus-panel	0:1.5.34-4.fc44	aarch64
ibus-setup	0:1.5.34-4.fc44	noarch
ibus-table	0:1.17.19-1.fc44	noarch
ibus-table-chinese	0:1.8.14-3.fc44	noarch
ibus-table-chinese-cangjie	0:1.8.14-3.fc44	noarch
ibus-typing-booster	0:2.30.11-1.fc44	noarch
ibus-xinit	0:1.5.34-4.fc44	noarch
iio-sensor-proxy	0:3.8-2.fc44	aarch64
ilbc	0:3.0.4-19.fc44	aarch64
ima-evm-utils-libs	0:1.6.2-8.fc44	aarch64
ImageMagick	1:7.1.2.27-1.fc44	aarch64
ImageMagick-c++	1:7.1.2.27-1.fc44	aarch64
ImageMagick-libs	1:7.1.2.27-1.fc44	aarch64
imath	0:3.1.12-6.fc44	aarch64
im-chooser	0:1.7.6-1.fc44	aarch64
im-chooser-common	0:1.7.6-1.fc44	aarch64
imsettings	0:1.8.11-2.fc44	aarch64
imsettings-gsettings	0:1.8.11-2.fc44	aarch64
imsettings-libs	0:1.8.11-2.fc44	aarch64
imsettings-plasma	0:1.8.11-2.fc44	aarch64
incidenceeditor	0:26.04.3-1.fc44	aarch64
inih	0:62-2.fc44	aarch64
inih-cpp	0:62-2.fc44	aarch64
iniparser	0:4.2.6-4.fc44	aarch64
initial-setup	0:0.3.101-7.fc44	aarch64
initial-setup-gui	0:0.3.101-7.fc44	aarch64
initial-setup-gui-wayland-plasma	0:43.101-3.fc44	noarch
initscripts-service	0:10.27-2.fc44	noarch
inotify-tools	0:4.23.9.0-6.fc44	aarch64
ipcalc	0:1.0.3-13.fc44	aarch64
ipp-usb	0:0.9.34-2.fc44	aarch64
iproute	0:6.17.0-2.fc44	aarch64
ipset	0:7.24-3.fc44	aarch64
ipset-libs	0:7.24-3.fc44	aarch64
iptables-libs	0:1.8.11-13.fc44	aarch64
iptables-nft	0:1.8.11-13.fc44	aarch64
iptstate	0:2.3.0-1.fc44	aarch64
iputils	0:20250605-2.fc44	aarch64
irqbalance	2:1.9.5-2.fc44	aarch64
iso-codes	0:4.20.1-3.fc44	noarch
iw	0:6.17-2.fc44	aarch64
iwlegacy-firmware	0:20260622-1.fc44	noarch
iwlwifi-dvm-firmware	0:20260622-1.fc44	noarch
jansson	0:2.14-4.fc44	aarch64
jasper-libs	0:4.2.8-2.fc44	aarch64
java-25-openjdk-crypto-adapter	1:25.0.3.0.9-2.fc44	aarch64
java-25-openjdk-headless	1:25.0.3.0.9-2.fc44	aarch64
javapackages-filesystem	0:6.4.1-10.fc44	noarch
jbig2dec-libs	0:0.20-8.fc44	aarch64
jbigkit-libs	0:2.1-33.fc44	aarch64
jfsutils	0:1.1.15-32.fc44	aarch64
jomolhari-fonts	0:0.003-45.fc44	noarch
jq	0:1.8.1-3.fc44	aarch64
json-c	0:0.18-8.fc44	aarch64
jsoncpp	0:1.9.6-3.fc44	aarch64
json-glib	0:1.10.8-5.fc44	aarch64
jxrlib	0:1.1-33.fc44	aarch64
k3b	1:26.04.3-1.fc44	aarch64
k3b-libs	1:26.04.3-1.fc44	aarch64
kaccounts-integration-qt5	0:26.04.3-1.fc44	aarch64
kaccounts-integration-qt6	0:26.04.3-1.fc44	aarch64
kaccounts-providers	0:26.04.3-1.fc44	aarch64
kactivitymanagerd	0:6.7.3-1.fc44	aarch64
kaddressbook	0:26.04.3-1.fc44	aarch64
kaddressbook-libs	0:26.04.3-1.fc44	aarch64
kamera	0:26.04.3-1.fc44	aarch64
kamoso	0:26.04.3-1.fc44	aarch64
kasumi-common	0:2.5-50.fc44	noarch
kasumi-unicode	0:2.5-50.fc44	aarch64
kate-libs	0:26.04.3-1.fc44	aarch64
kbd	0:2.9.0-3.fc44	aarch64
kbd-legacy	0:2.9.0-3.fc44	noarch
kbd-misc	0:2.9.0-3.fc44	noarch
kcalc	0:26.04.3-1.fc44	aarch64
kcalutils	0:26.04.3-1.fc44	aarch64
kcharselect	0:26.04.3-1.fc44	aarch64
kcm-plasma-keyboard	1:6.7.3-1.fc44	aarch64
kcm-plasmalogin	0:6.7.3-4.fc44	aarch64
kcolorpicker-qt6	0:0.3.0-7.fc44	aarch64
kdebugsettings	0:26.04.3-1.fc44	aarch64
kde-cli-tools	0:6.7.3-1.fc44	aarch64
kde-connect	0:26.04.3-1.fc44	aarch64
kdeconnectd	0:26.04.3-1.fc44	aarch64
kde-connect-libs	0:26.04.3-1.fc44	aarch64
kdecoration	0:6.7.3-1.fc44	aarch64
kde-filesystem	0:5-7.fc44	aarch64
kdegraphics-mobipocket	0:26.04.3-1.fc44	aarch64
kdegraphics-thumbnailers	0:26.04.3-1.fc44	aarch64
kde-gtk-config	0:6.7.3-1.fc44	aarch64
kde-inotify-survey	0:26.04.3-1.fc44	aarch64
kde-l10n	0:17.08.3-22.fc44	noarch
kdenetwork-filesharing	0:26.04.3-1.fc44	aarch64
kde-partitionmanager	0:26.04.3-1.fc44	aarch64
kdepim-addons	0:26.04.3-1.fc44	aarch64
kdepim-runtime	1:26.04.3-1.fc44	aarch64
kdepim-runtime-libs	1:26.04.3-1.fc44	aarch64
kdeplasma-addons	0:6.7.3-1.fc44	aarch64
kde-settings	0:43.101-3.fc44	noarch
kde-settings-plasma	0:43.101-3.fc44	noarch
kde-settings-plasmalogin	0:43.101-3.fc44	noarch
kde-settings-pulseaudio	0:43.101-3.fc44	noarch
kde-settings-sddm	0:43.101-3.fc44	noarch
kdesu	1:6.7.3-1.fc44	aarch64
kdiagram	0:3.0.1-9.fc44	aarch64
kdialog	0:26.04.3-1.fc44	aarch64
kdnssd	0:26.04.3-1.fc44	aarch64
kdsoap	0:2.2.0-9.fc44	aarch64
kdsoap6	0:2.2.0-9.fc44	aarch64
kdsoap-ws-discovery-client	0:0.4.0-6.fc44	aarch64
kdump-utils	0:1.0.61-1.fc44	aarch64
keditbookmarks	0:26.04.3-1.fc44	aarch64
keditbookmarks-libs	0:26.04.3-1.fc44	aarch64
kernel-16k	0:6.14.2-401.asahi.fc42	aarch64
kernel-16k	0:6.19.14-400.asahi.fc42	aarch64
kernel-16k	0:7.0.13-400.asahi.fc44	aarch64
kernel-16k-core	0:6.14.2-401.asahi.fc42	aarch64
kernel-16k-core	0:6.19.14-400.asahi.fc42	aarch64
kernel-16k-core	0:7.0.13-400.asahi.fc44	aarch64
kernel-16k-modules	0:6.14.2-401.asahi.fc42	aarch64
kernel-16k-modules	0:6.19.14-400.asahi.fc42	aarch64
kernel-16k-modules	0:7.0.13-400.asahi.fc44	aarch64
kernel-16k-modules-core	0:6.14.2-401.asahi.fc42	aarch64
kernel-16k-modules-core	0:6.19.14-400.asahi.fc42	aarch64
kernel-16k-modules-core	0:7.0.13-400.asahi.fc44	aarch64
kernel-16k-modules-extra	0:6.14.2-401.asahi.fc42	aarch64
kernel-16k-modules-extra	0:6.19.14-400.asahi.fc42	aarch64
kernel-16k-modules-extra	0:7.0.13-400.asahi.fc44	aarch64
kernel-headers	0:7.0.13-400.asahi.fc44	aarch64
kernel-tools	0:7.0.13-400.asahi.fc44	aarch64
kernel-tools-libs	0:7.0.13-400.asahi.fc44	aarch64
kexec-tools	0:2.0.32-3.fc44	aarch64
keyutils	0:1.6.3-7.fc44	aarch64
keyutils-libs	0:1.6.3-7.fc44	aarch64
kf5-attica	0:5.116.0-5.fc44	aarch64
kf5-bluez-qt	0:5.116.0-5.fc44	aarch64
kf5-filesystem	0:5.116.0-6.fc44	aarch64
kf5-frameworkintegration	0:5.116.0-11.fc44	aarch64
kf5-frameworkintegration-libs	0:5.116.0-11.fc44	aarch64
kf5-kactivities	0:5.116.0-5.fc44	aarch64
kf5-kactivities-stats	0:5.116.0-5.fc44	aarch64
kf5-karchive	0:5.116.0-5.fc44	aarch64
kf5-kauth	0:5.116.0-5.fc44	aarch64
kf5-kbookmarks	0:5.116.0-5.fc44	aarch64
kf5-kcodecs	0:5.116.0-5.fc44	aarch64
kf5-kcompletion	0:5.116.0-5.fc44	aarch64
kf5-kconfig-core	0:5.116.0-6.fc44	aarch64
kf5-kconfig-gui	0:5.116.0-6.fc44	aarch64
kf5-kconfigwidgets	0:5.116.0-5.fc44	aarch64
kf5-kcoreaddons	0:5.116.0-5.fc44	aarch64
kf5-kcrash	0:5.116.0-5.fc44	aarch64
kf5-kdbusaddons	0:5.116.0-5.fc44	aarch64
kf5-kdewebkit	0:5.116.0-6.fc44	aarch64
kf5-kdnssd	0:5.116.0-5.fc44	aarch64
kf5-kdoctools	0:5.116.0-5.fc44	aarch64
kf5-kglobalaccel	0:5.116.0-5.fc44	aarch64
kf5-kglobalaccel-libs	0:5.116.0-5.fc44	aarch64
kf5-kguiaddons	0:5.116.0-5.fc44	aarch64
kf5-ki18n	0:5.116.0-6.fc44	aarch64
kf5-kiconthemes	0:5.116.0-5.fc44	aarch64
kf5-kinit	0:5.116.0-5.fc44	aarch64
kf5-kio-core	0:5.116.0-6.fc44	aarch64
kf5-kio-core-libs	0:5.116.0-6.fc44	aarch64
kf5-kio-doc	0:5.116.0-6.fc44	noarch
kf5-kio-file-widgets	0:5.116.0-6.fc44	aarch64
kf5-kio-gui	0:5.116.0-6.fc44	aarch64
kf5-kio-ntlm	0:5.116.0-6.fc44	aarch64
kf5-kio-widgets	0:5.116.0-6.fc44	aarch64
kf5-kio-widgets-libs	0:5.116.0-6.fc44	aarch64
kf5-kirigami2	0:5.116.0-5.fc44	aarch64
kf5-kitemviews	0:5.116.0-5.fc44	aarch64
kf5-kjobwidgets	0:5.116.0-5.fc44	aarch64
kf5-knewstuff	0:5.116.0-5.fc44	aarch64
kf5-knotifications	0:5.116.0-5.fc44	aarch64
kf5-kpackage	0:5.116.0-5.fc44	aarch64
kf5-kparts	0:5.116.0-5.fc44	aarch64
kf5-kservice	0:5.116.0-5.fc44	aarch64
kf5-ktextwidgets	0:5.116.0-5.fc44	aarch64
kf5-kwallet	0:5.116.0-5.fc44	aarch64
kf5-kwallet-libs	0:5.116.0-5.fc44	aarch64
kf5-kwayland	0:5.116.0-11.fc44	aarch64
kf5-kwidgetsaddons	0:5.116.0-5.fc44	aarch64
kf5-kwindowsystem	0:5.116.0-5.fc44	aarch64
kf5-kxmlgui	0:5.116.0-5.fc44	aarch64
kf5-purpose	0:5.116.0-5.fc44	aarch64
kf5-qqc2-desktop-style	0:5.116.1-5.fc44	aarch64
kf5-solid	0:5.116.0-6.fc44	aarch64
kf5-sonnet	0:5.116.0-5.fc44	aarch64
kf5-sonnet-core	0:5.116.0-5.fc44	aarch64
kf5-sonnet-hunspell	0:5.116.0-5.fc44	aarch64
kf5-sonnet-ui	0:5.116.0-5.fc44	aarch64
kf5-syndication	1:5.116.0-5.fc44	aarch64
kf5-syntax-highlighting	0:5.116.0-5.fc44	aarch64
kf6-attica	0:6.28.0-1.fc44	aarch64
kf6-baloo	0:6.28.0-1.fc44	aarch64
kf6-baloo-file	0:6.28.0-1.fc44	aarch64
kf6-baloo-libs	0:6.28.0-1.fc44	aarch64
kf6-bluez-qt	0:6.28.0-1.fc44	aarch64
kf6-breeze-icons	0:6.28.0-1.fc44	aarch64
kf6-filesystem	0:6.28.0-1.fc44	aarch64
kf6-frameworkintegration	0:6.28.0-1.fc44	aarch64
kf6-frameworkintegration-libs	0:6.28.0-1.fc44	aarch64
kf6-karchive	0:6.28.0-1.fc44	aarch64
kf6-kauth	0:6.28.0-1.fc44	aarch64
kf6-kbookmarks	0:6.28.0-1.fc44	aarch64
kf6-kcalendarcore	0:6.28.0-1.fc44	aarch64
kf6-kcmutils	0:6.28.0-1.fc44	aarch64
kf6-kcodecs	0:6.28.0-1.fc44	aarch64
kf6-kcolorscheme	0:6.28.0-1.fc44	aarch64
kf6-kcompletion	0:6.28.0-1.fc44	aarch64
kf6-kconfig	0:6.28.0-1.fc44	aarch64
kf6-kconfigwidgets	0:6.28.0-1.fc44	aarch64
kf6-kcontacts	0:6.28.0-1.fc44	aarch64
kf6-kcoreaddons	0:6.28.0-1.fc44	aarch64
kf6-kcrash	0:6.28.0-1.fc44	aarch64
kf6-kdav	0:6.28.0-1.fc44	aarch64
kf6-kdbusaddons	0:6.28.0-1.fc44	aarch64
kf6-kdeclarative	0:6.28.0-1.fc44	aarch64
kf6-kded	0:6.28.0-1.fc44	aarch64
kf6-kdesu	0:6.28.0-1.fc44	aarch64
kf6-kdnssd	0:6.28.0-1.fc44	aarch64
kf6-kdoctools	0:6.28.0-1.fc44	aarch64
kf6-kfilemetadata	0:6.28.0-1.fc44	aarch64
kf6-kglobalaccel	0:6.28.0-1.fc44	aarch64
kf6-kguiaddons	0:6.28.0-1.fc44	aarch64
kf6-kholidays	0:6.28.0-1.fc44	aarch64
kf6-ki18n	0:6.28.0-1.fc44	aarch64
kf6-kiconthemes	0:6.28.0-1.fc44	aarch64
kf6-kidletime	0:6.28.0-1.fc44	aarch64
kf6-kidletime-x11	0:6.28.0-1.fc44	aarch64
kf6-kimageformats	0:6.28.0-1.fc44	aarch64
kf6-kio-core	0:6.28.0-1.fc44	aarch64
kf6-kio-core-libs	0:6.28.0-1.fc44	aarch64
kf6-kio-doc	0:6.28.0-1.fc44	noarch
kf6-kio-file-widgets	0:6.28.0-1.fc44	aarch64
kf6-kio-gui	0:6.28.0-1.fc44	aarch64
kf6-kio-widgets	0:6.28.0-1.fc44	aarch64
kf6-kio-widgets-libs	0:6.28.0-1.fc44	aarch64
kf6-kirigami	0:6.28.0-1.fc44	aarch64
kf6-kirigami-addons	0:1.12.0-2.fc44	aarch64
kf6-kitemmodels	0:6.28.0-1.fc44	aarch64
kf6-kitemviews	0:6.28.0-1.fc44	aarch64
kf6-kjobwidgets	0:6.28.0-1.fc44	aarch64
kf6-knewstuff	0:6.28.0-1.fc44	aarch64
kf6-knotifications	0:6.28.0-1.fc44	aarch64
kf6-knotifyconfig	0:6.28.0-1.fc44	aarch64
kf6-kpackage	0:6.28.0-1.fc44	aarch64
kf6-kparts	0:6.28.0-1.fc44	aarch64
kf6-kpeople	0:6.28.0-1.fc44	aarch64
kf6-kplotting	0:6.28.0-1.fc44	aarch64
kf6-kpty	0:6.28.0-1.fc44	aarch64
kf6-kquickcharts	0:6.28.0-1.fc44	aarch64
kf6-krunner	0:6.28.0-1.fc44	aarch64
kf6-kservice	0:6.28.0-1.fc44	aarch64
kf6-kstatusnotifieritem	0:6.28.0-1.fc44	aarch64
kf6-ksvg	0:6.28.0-1.fc44	aarch64
kf6-ktexteditor	0:6.28.0-1.fc44	aarch64
kf6-ktexttemplate	0:6.28.0-1.fc44	aarch64
kf6-ktextwidgets	0:6.28.0-1.fc44	aarch64
kf6-kunitconversion	0:6.28.0-1.fc44	aarch64
kf6-kuserfeedback	0:6.28.0-1.fc44	aarch64
kf6-kwallet	0:6.28.0-1.fc44	aarch64
kf6-kwallet-libs	0:6.28.0-1.fc44	aarch64
kf6-kwidgetsaddons	0:6.28.0-1.fc44	aarch64
kf6-kwindowsystem	0:6.28.0-1.fc44	aarch64
kf6-kxmlgui	0:6.28.0-1.fc44	aarch64
kf6-modemmanager-qt	0:6.28.0-1.fc44	aarch64
kf6-networkmanager-qt	0:6.28.0-1.fc44	aarch64
kf6-prison	0:6.28.0-1.fc44	aarch64
kf6-purpose	0:6.28.0-1.fc44	aarch64
kf6-qqc2-desktop-style	0:6.28.0-1.fc44	aarch64
kf6-solid	0:6.28.0-1.fc44	aarch64
kf6-sonnet	0:6.28.0-1.fc44	aarch64
kf6-sonnet-hunspell	0:6.28.0-1.fc44	aarch64
kf6-syndication	0:6.28.0-1.fc44	aarch64
kf6-syntax-highlighting	0:6.28.0-1.fc44	aarch64
kf6-threadweaver	0:6.28.0-1.fc44	aarch64
kfind	0:26.04.3-1.fc44	aarch64
kglobalacceld	0:6.7.3-1.fc44	aarch64
kgpg	0:26.04.3-1.fc44	aarch64
khelpcenter	1:26.04.3-1.fc44	aarch64
kidentitymanagement	0:26.04.3-1.fc44	aarch64
kimageannotator-common	0:0.7.0-8.fc44	aarch64
kimageannotator-qt6	0:0.7.0-8.fc44	aarch64
kimap	0:26.04.3-1.fc44	aarch64
kinfocenter	0:6.7.3-1.fc44	aarch64
kio-admin	0:26.04.3-1.fc44	aarch64
kio-extras	0:26.04.3-1.fc44	aarch64
kio-extras-kf5	0:24.02.2-9.fc44	aarch64
kio-fuse	0:5.1.1-3.fc44	aarch64
kio-gdrive	0:26.04.3-1.fc44	aarch64
kitinerary	0:26.04.3-1.fc44	aarch64
kitty	0:0.47.4-1.fc44	aarch64
kitty-kitten	0:0.47.4-1.fc44	aarch64
kitty-shell-integration	0:0.47.4-1.fc44	noarch
kitty-terminfo	0:0.47.4-1.fc44	noarch
kjournald	0:26.04.3-1.fc44	aarch64
kjournald-libs	0:26.04.3-1.fc44	aarch64
kldap	0:26.04.3-1.fc44	aarch64
kleopatra	0:26.04.3-1.fc44	aarch64
kmahjongg	0:26.04.3-1.fc44	aarch64
kmail	0:26.04.3-1.fc44	aarch64
kmail-account-wizard	0:26.04.3-1.fc44	aarch64
kmail-libs	0:26.04.3-1.fc44	aarch64
kmailtransport	0:26.04.3-1.fc44	aarch64
kmbox	0:26.04.3-1.fc44	aarch64
kmenuedit	0:6.7.3-1.fc44	aarch64
kmime	0:26.04.3-1.fc44	aarch64
kmines	0:26.04.3-1.fc44	aarch64
kmod	0:34.2-4.fc44	aarch64
kmod-libs	0:34.2-4.fc44	aarch64
kmouth	0:26.04.3-1.fc44	aarch64
knighttime	0:6.7.3-1.fc44	aarch64
kolourpaint	0:26.04.3-1.fc44	aarch64
kolourpaint-libs	0:26.04.3-1.fc44	aarch64
konsole	0:26.04.3-1.fc44	aarch64
konsole-part	0:26.04.3-1.fc44	aarch64
kontact	0:26.04.3-1.fc44	aarch64
kontactinterface	0:26.04.3-1.fc44	aarch64
kontact-libs	0:26.04.3-1.fc44	aarch64
korganizer	0:26.04.3-1.fc44	aarch64
korganizer-libs	0:26.04.3-1.fc44	aarch64
kpartx	0:0.13.1-1.fc44	aarch64
kpat	0:26.04.3-1.fc44	aarch64
kpimtextedit	0:26.04.3-1.fc44	aarch64
kpipewire	0:6.7.3-1.fc44	aarch64
kpkpass	0:26.04.3-1.fc44	aarch64
kpmcore	0:26.04.3-1.fc44	aarch64
kquickimageeditor-qt6	0:0.6.0-6.fc44	aarch64
krb5-libs	0:1.22.2-4.fc44	aarch64
krdc	0:26.04.3-1.fc44	aarch64
krdc-libs	0:26.04.3-1.fc44	aarch64
krdp	0:6.7.3-1.fc44	aarch64
krdp-libs	0:6.7.3-1.fc44	aarch64
krfb	0:26.04.3-1.fc44	aarch64
krfb-libs	0:26.04.3-1.fc44	aarch64
krusader	0:2.9.0-4.fc44	aarch64
ksanecore	0:26.04.3-1.fc44	aarch64
kscreen	1:6.7.3-1.fc44	aarch64
kscreenlocker	0:6.7.3-1.fc44	aarch64
ksmtp	0:26.04.3-1.fc44	aarch64
ksshaskpass	0:6.7.3-1.fc44	aarch64
ksystemstats	0:6.7.3-1.fc44	aarch64
ktextaddons-common	0:2.0.1-1.fc44	noarch
ktextaddons-qt6	0:2.0.1-1.fc44	aarch64
ktnef	0:26.04.3-1.fc44	aarch64
ktorrent	0:26.04.3-1.fc44	aarch64
ktorrent-libs	0:26.04.3-1.fc44	aarch64
kunifiedpush	0:26.04.3-1.fc44	aarch64
kwalletmanager5	0:26.04.3-1.fc44	aarch64
kwayland	0:6.7.3-1.fc44	aarch64
kwebkitpart	0:1.4.0-0.21.20190110.fc44	aarch64
kwin	0:6.7.3-1.fc44	aarch64
kwin-common	0:6.7.3-1.fc44	aarch64
kwin-libs	0:6.7.3-1.fc44	aarch64
kwrite	0:26.04.3-1.fc44	aarch64
kwrited	0:6.7.3-1.fc44	aarch64
kyotocabinet-libs	0:1.2.80-9.fc44	aarch64
lame	0:3.100-21.fc44	aarch64
lame-libs	0:3.100-21.fc44	aarch64
langpacks-core-en	0:4.3-1.fc44	noarch
langpacks-en	0:4.3-1.fc44	noarch
langpacks-fonts-en	0:4.3-1.fc44	noarch
langtable	0:0.0.71-1.fc44	noarch
lasi	0:1.1.3-18.fc44	aarch64
layer-shell-qt	0:6.7.3-1.fc44	aarch64
lcms2	0:2.16-7.fc44	aarch64
ldns	0:1.9.2-1.fc44	aarch64
lensfun	0:0.3.4-11.fc44	aarch64
leptonica	0:1.87.0-4.fc44	aarch64
less	0:704-2.fc44	aarch64
less-color	0:704-2.fc44	aarch64
liba52	0:0.7.4-53.fc44	aarch64
libabw	0:0.1.3-19.fc44	aarch64
libaccounts-glib	0:1.25-24.fc44	aarch64
libaccounts-qt5	0:1.17-4.fc44	aarch64
libaccounts-qt6	0:1.17-4.fc44	aarch64
libacl	0:2.4.0-1.fc44	aarch64
libadwaita	0:1.9.2-1.fc44	aarch64
libaec	0:1.1.5-1.fc44	aarch64
libaio	0:0.3.111-23.fc44	aarch64
libao	0:1.2.0-31.fc44	aarch64
libaom	0:3.13.3-1.fc44	aarch64
libappindicator-gtk3	0:12.10.1-10.fc44	aarch64
libarchive	0:3.8.7-1.fc44	aarch64
libargon2	0:20190702-10.fc44	aarch64
libaribcaption	0:1.1.1-4.fc44	aarch64
libarrow	0:23.0.1-1.fc44	aarch64
libarrow-acero-libs	0:23.0.1-1.fc44	aarch64
libarrow-compute-libs	0:23.0.1-1.fc44	aarch64
libarrow-dataset-libs	0:23.0.1-1.fc44	aarch64
libarrow-doc	0:23.0.1-1.fc44	noarch
libasan	0:16.1.1-2.fc44	aarch64
libass	0:0.17.4-2.fc44	aarch64
libassuan	0:2.5.7-5.fc44	aarch64
libasyncns	0:0.8-34.fc44	aarch64
libatasmart	0:0.19-32.fc44	aarch64
libatomic	0:16.1.1-2.fc44	aarch64
libattr	0:2.6.0-1.fc44	aarch64
libavc1394	0:0.5.4-27.fc44	aarch64
libavcodec-free	0:8.1.2-1.fc44	aarch64
libavdevice-free	0:8.1.2-1.fc44	aarch64
libavfilter-free	0:8.1.2-1.fc44	aarch64
libavformat-free	0:8.1.2-1.fc44	aarch64
libavif	0:1.3.0-4.fc44	aarch64
libavutil-free	0:8.1.2-1.fc44	aarch64
libb2	0:0.98.1-15.fc44	aarch64
libbabeltrace	0:1.5.11-17.fc44	aarch64
libbasicobjects	0:0.1.1-61.fc44	aarch64
libblack-hole-solver1	0:1.14.0-4.fc44	aarch64
libblkid	0:2.41.5-1.fc44	aarch64
libblockdev	0:3.5.0-1.fc44	aarch64
libblockdev-btrfs	0:3.5.0-1.fc44	aarch64
libblockdev-crypto	0:3.5.0-1.fc44	aarch64
libblockdev-dm	0:3.5.0-1.fc44	aarch64
libblockdev-fs	0:3.5.0-1.fc44	aarch64
libblockdev-loop	0:3.5.0-1.fc44	aarch64
libblockdev-lvm	0:3.5.0-1.fc44	aarch64
libblockdev-mdraid	0:3.5.0-1.fc44	aarch64
libblockdev-mpath	0:3.5.0-1.fc44	aarch64
libblockdev-nvme	0:3.5.0-1.fc44	aarch64
libblockdev-part	0:3.5.0-1.fc44	aarch64
libblockdev-smart	0:3.5.0-1.fc44	aarch64
libblockdev-swap	0:3.5.0-1.fc44	aarch64
libblockdev-utils	0:3.5.0-1.fc44	aarch64
libbluray	0:1.4.0-3.fc44	aarch64
libbpf	2:1.6.3-2.fc44	aarch64
libbrotli	0:1.2.0-3.fc44	aarch64
libbs2b	0:3.1.0-37.fc44	aarch64
libbsd	0:0.12.2-7.fc44	aarch64
libbytesize	0:2.12-2.fc44	aarch64
libcaca	0:0.99-0.82.beta20.fc44	aarch64
libcamera	0:0.7.1-1.fc44	aarch64
libcamera-ipa	0:0.7.1-1.fc44	aarch64
libcanberra	0:0.30-39.fc44	aarch64
libcanberra-gtk2	0:0.30-39.fc44	aarch64
libcanberra-gtk3	0:0.30-39.fc44	aarch64
libcap	0:2.78-1.fc44	aarch64
libcap-ng	0:0.9.3-1.fc44	aarch64
libcap-ng-python3	0:0.9.3-1.fc44	aarch64
libcbor	0:0.13.0-2.fc44	aarch64
libcdio	0:2.3.0-1.fc44	aarch64
libcdio-paranoia	0:10.2+2.0.2-6.fc44	aarch64
libcdr	0:0.1.8-5.fc44	aarch64
libchewing	0:0.13.1-1.fc44	aarch64
libchromaprint	0:1.6.0-4.fc44	aarch64
libclc	0:22.1.8-1.fc44	aarch64
libclc-spirv	0:22.1.8-1.fc44	aarch64
libcloudproviders	0:0.4.0-1.fc44	aarch64
libcmis	0:0.6.2-11.fc44	aarch64
libcollection	0:0.7.0-61.fc44	aarch64
libcom_err	0:1.47.3-4.fc44	aarch64
libcomps	0:0.1.24-1.fc44	aarch64
libcue	0:2.3.0-14.fc44	aarch64
libcupsfilters	1:2.1.1-7.fc44	aarch64
libcurl	0:8.18.0-7.fc44	aarch64
libdaemon	0:0.14-33.fc44	aarch64
libdatrie	0:0.2.14-2.fc44	aarch64
libdav1d	0:1.5.3-1.fc44	aarch64
libdbusmenu	0:16.04.0-31.fc44	aarch64
libdbusmenu-gtk3	0:16.04.0-31.fc44	aarch64
libdc1394	0:2.2.7-9.fc44	aarch64
libddcutil	0:2.2.1-3.fc44	aarch64
libdecor	0:0.2.5-2.fc44	aarch64
libdeflate	0:1.25-3.fc44	aarch64
libdhash	0:0.5.0-61.fc44	aarch64
libdisplay-info	0:0.3.0-1.fc44	aarch64
libdisplay-info-tools	0:0.3.0-1.fc44	aarch64
libdmtx	0:0.7.8-3.fc44	aarch64
libdnf	0:0.75.0-2.fc44	aarch64
libdnf5	0:5.4.2.1-1.fc44	aarch64
libdnf5-cli	0:5.4.2.1-1.fc44	aarch64
libdnf5-plugin-appstream	0:5.4.2.1-1.fc44	aarch64
libdnf5-plugin-expired-pgp-keys	0:5.4.2.1-1.fc44	aarch64
libdovi	0:3.3.2-3.fc44	aarch64
libdrm	0:2.4.134-1.fc44	aarch64
libdvdnav	0:7.0.0-1.fc44	aarch64
libdvdread	0:7.0.1-1.fc44	aarch64
libe-book	0:0.1.3-41.fc44	aarch64
libebur128	0:1.2.6-15.fc44	aarch64
libeconf	0:0.7.9-3.fc44	aarch64
libedit	0:3.1-59.20260512cvs.fc44	aarch64
libei	0:1.5.0-2.fc44	aarch64
libeis	0:1.5.0-2.fc44	aarch64
libeot	0:0.01-35.fc44	aarch64
libepoxy	0:1.5.10-12.fc44	aarch64
libepubgen	0:0.1.1-22.fc44	aarch64
liberation-mono-fonts	1:2.1.5-15.fc44	noarch
liberation-sans-fonts	1:2.1.5-15.fc44	noarch
liberation-serif-fonts	1:2.1.5-15.fc44	noarch
libertas-firmware	0:20260622-1.fc44	noarch
libestr	0:0.1.11-13.fc44	aarch64
libetonyek	0:0.1.13-2.fc44	aarch64
libev	0:4.33-15.fc44	aarch64
libevdev	0:1.13.6-2.fc44	aarch64
libevent	0:2.1.12-17.fc44	aarch64
libexif	0:0.6.26-1.fc44	aarch64
libexttextcat	0:3.4.6-13.fc44	aarch64
libfakekey	0:0.3-27.fc44	aarch64
libfastjson	0:1.2304.0-8.fc44	aarch64
libfdisk	0:2.41.5-1.fc44	aarch64
libffi	0:3.5.2-2.fc44	aarch64
libfido2	0:1.16.0-5.fc44	aarch64
libfontenc	0:1.1.8-5.fc44	aarch64
libfprint	0:1.94.10-5.fc44	aarch64
libfreecell-solver	0:6.16.0-2.fc44	aarch64
libfreehand	0:0.1.2-27.fc44	aarch64
libfsverity	0:1.6-4.fc44	aarch64
libftdi	0:1.5-22.fc44	aarch64
libfyaml	0:0.8-9.fc44	aarch64
libgcc	0:16.1.1-2.fc44	aarch64
libgcrypt	0:1.12.2-1.fc44	aarch64
libgeotiff	0:1.7.4-5.fc44	aarch64
libgexiv2	0:0.16.1-1.fc44	aarch64
libgfortran	0:16.1.1-2.fc44	aarch64
libGLEW	0:2.2.0-12.fc44	aarch64
libglvnd	1:1.7.0-9.fc44	aarch64
libglvnd-egl	1:1.7.0-9.fc44	aarch64
libglvnd-gles	1:1.7.0-9.fc44	aarch64
libglvnd-glx	1:1.7.0-9.fc44	aarch64
libglvnd-opengl	1:1.7.0-9.fc44	aarch64
libgomp	0:16.1.1-2.fc44	aarch64
libgpg-error	0:1.58-2.fc44	aarch64
libgphoto2	0:2.5.33-2.fc44	aarch64
libgravatar	0:26.04.3-1.fc44	aarch64
libgs	0:10.06.0-2.fc44	aarch64
libgsf	0:1.14.58-1.fc44	aarch64
libgta	0:1.2.1-17.fc44	aarch64
libgudev	0:238-9.fc44	aarch64
libgusb	0:0.4.9-5.fc44	aarch64
libgxps	0:0.3.2-12.fc44	aarch64
libhangul	0:0.2.0-3.fc44	aarch64
libheif	0:1.21.2-1.fc44	aarch64
libi2c	0:4.4-4.fc44	aarch64
libibverbs	0:61.0-2.fc44	aarch64
libical	0:3.0.20-7.fc44	aarch64
libICE	0:1.1.2-4.fc44	aarch64
libicu	0:77.1-3.fc44	aarch64
libidn2	0:2.3.8-3.fc44	aarch64
libiec61883	0:1.2.0-39.fc44	aarch64
libieee1284	0:0.2.11-48.fc44	aarch64
libijs	0:0.35-26.fc44	aarch64
libimagequant	0:4.1.0-2.fc44	aarch64
libimobiledevice	0:1.4.0-3.fc44	aarch64
libimobiledevice-glue	0:1.3.2-1.fc44	aarch64
libini_config	0:1.3.1-61.fc44	aarch64
libinput	0:1.31.3-1.fc44	aarch64
libiptcdata	0:1.0.5-24.fc44	aarch64
libjaylink	0:0.3.0-10.fc44	aarch64
libjcat	0:0.2.6-1.fc44	aarch64
libjpeg-turbo	0:3.1.3-1.fc44	aarch64
libjxl	1:0.11.2-1.fc44	aarch64
libkcapi	0:1.5.0-7.fc44	aarch64
libkcapi-hasher	0:1.5.0-7.fc44	aarch64
libkcapi-hmaccalc	0:1.5.0-7.fc44	aarch64
libkcddb	0:26.04.3-1.fc44	aarch64
libkcddb-doc	0:26.04.3-1.fc44	noarch
libkcompactdisc	0:25.12.2-1.fc44	aarch64
libkdcraw	0:26.04.3-1.fc44	aarch64
libkdegames	0:26.04.3-1.fc44	aarch64
libkdepim	0:26.04.3-1.fc44	aarch64
libkexiv2-qt5	0:25.08.3-3.fc44	aarch64
libkexiv2-qt6	0:26.04.3-1.fc44	aarch64
libkgapi	0:26.04.3-1.fc44	aarch64
libkleo	0:26.04.3-1.fc44	aarch64
libkmahjongg	0:26.04.3-1.fc44	aarch64
libkmahjongg-data	0:26.04.3-1.fc44	noarch
libkml	0:1.3.0-58.fc44	aarch64
libkolabxml	0:1.2.0-38.fc44	aarch64
libkrun	0:1.19.0-1.fc44	aarch64
libkrunfw	0:5.5.0-1.fc44	aarch64
libksane	0:26.04.3-1.fc44	aarch64
libksba	0:1.6.7-5.fc44	aarch64
libkscreen	0:6.7.3-1.fc44	aarch64
libkscreen-qt5	0:5.27.11-6.fc44	aarch64
libksieve	0:26.04.3-1.fc44	aarch64
libksysguard	0:6.7.3-1.fc44	aarch64
libksysguard-common	0:6.7.3-1.fc44	aarch64
libktorrent	0:26.04.3-1.fc44	aarch64
libkworkspace6	0:6.7.3-1.fc44	aarch64
liblangtag	0:0.6.7-7.fc44	aarch64
liblangtag-data	0:0.6.7-7.fc44	noarch
liblastlog2	0:2.41.5-1.fc44	aarch64
liblc3	0:1.1.3-7.fc44	aarch64
libldac	0:2.0.2.3-19.fc44	aarch64
libldb	2:4.24.4-1.fc44	aarch64
liblerc	0:4.0.0-10.fc44	aarch64
liblouis	0:3.33.0-7.fc44	aarch64
liblouis-tables	0:3.33.0-7.fc44	noarch
liblouisutdml	0:2.12.0-8.fc44	aarch64
liblouisutdml-utils	0:2.12.0-8.fc44	aarch64
liblqr-1	0:0.4.2-29.fc44	aarch64
libluv	0:1.51.0.2-2.fc44	aarch64
libmad	0:0.16.4-13.fc44	aarch64
libmarkdown	0:2.2.7-14.fc44	aarch64
libmaxminddb	0:1.13.3-1.fc44	aarch64
libmbim	0:1.32.0-3.fc44	aarch64
libmbim-utils	0:1.32.0-3.fc44	aarch64
libmd	0:1.2.0-1.fc44	aarch64
libmng	0:2.0.3-25.fc44	aarch64
libmnl	0:1.0.5-9.fc44	aarch64
libmodplug	1:0.8.9.0-29.fc44	aarch64
libmodulemd	0:2.15.3-1.fc44	aarch64
libmount	0:2.41.5-1.fc44	aarch64
libmpc	0:1.4.1-1.fc44	aarch64
libmpcdec	0:1.3.0^20110810svn475-7.fc44	aarch64
libmpdclient	0:2.26-1.fc44	aarch64
libmpeg2	0:0.5.1-33.fc44	aarch64
libmspack	0:0.10.1-0.16.alpha.fc44	aarch64
libmspub	0:0.1.4-39.fc44	aarch64
libmtp	0:1.1.22-3.fc44	aarch64
libmusicbrainz5	0:5.1.0-30.fc44	aarch64
libmwaw	0:0.3.22-8.fc44	aarch64
libmysofa	0:1.3.3-4.fc44	aarch64
libndp	0:1.9-5.fc44	aarch64
libnet	0:1.3-7.fc44	aarch64
libnetapi	2:4.24.4-1.fc44	aarch64
libnetfilter_conntrack	0:1.1.1-1.fc44	aarch64
libnfnetlink	0:1.0.1-32.fc44	aarch64
libnfsidmap	1:2.8.7-6.fc44	aarch64
libnftnl	0:1.3.1-2.fc44	aarch64
libnghttp2	0:1.68.0-4.fc44	aarch64
libnghttp3	0:1.17.0-1.fc44	aarch64
libnice	0:0.1.23-2.fc44	aarch64
libnl3	0:3.12.0-3.fc44	aarch64
libnl3-cli	0:3.12.0-3.fc44	aarch64
libnma	0:1.10.6-11.fc44	aarch64
libnma-common	0:1.10.6-11.fc44	noarch
libnma-gtk4	0:1.10.6-11.fc44	aarch64
libnotify	0:0.8.8-1.fc44	aarch64
libnsl2	0:2.0.1-5.fc44	aarch64
libntlm	0:1.8-4.fc44	aarch64
libnumbertext	0:1.0.11-10.fc44	aarch64
libnvme	0:1.16.1-2.fc44	aarch64
libobjc	0:16.1.1-2.fc44	aarch64
libodfgen	0:0.1.8-16.fc44	aarch64
liboeffis	0:1.5.0-2.fc44	aarch64
libogg	2:1.3.6-2.fc44	aarch64
libolm	0:3.2.16-11.fc44	aarch64
libomp	0:22.1.8-4.fc44	aarch64
libomp-devel	0:22.1.8-4.fc44	aarch64
libopenjph	0:0.25.3-3.fc44	aarch64
libopenmpt	0:0.8.7-1.fc44	aarch64
libopusenc	0:0.3-2.fc44	aarch64
liborc2	0:2.2.2-2.fc44	aarch64
liborcus	0:0.21.0-5.fc44	aarch64
libosinfo	0:1.12.0-5.fc44	aarch64
libpagemaker	0:0.0.4-28.fc44	aarch64
libpano13	0:2.9.23-2.fc44	aarch64
libpaper	1:2.1.1-10.fc44	aarch64
libpasswdqc	0:2.0.3-9.fc44	aarch64
libpath_utils	0:0.2.1-61.fc44	aarch64
libpcap	14:1.10.6-2.fc44	aarch64
libpciaccess	0:0.16-17.fc44	aarch64
libpfm	0:4.13.0-20.fc44	aarch64
libphonenumber	0:8.13.55-9.fc44	aarch64
libpinyin	0:2.11.91-2.fc44	aarch64
libpinyin-data	0:2.11.91-2.fc44	aarch64
libpipeline	0:1.5.8-4.fc44	aarch64
libpkgconf	0:2.5.1-1.fc44	aarch64
libplacebo	0:7.360.1-3.fc44	aarch64
libplasma	0:6.7.3-1.fc44	aarch64
libplist	0:2.7.0-1.fc44	aarch64
libpng	2:1.6.58-1.fc44	aarch64
libppd	1:2.1.1-3.fc44	aarch64
libpq	0:18.0-4.fc44	aarch64
libproxy	0:0.5.12-2.fc44	aarch64
libproxy-bin	0:0.5.12-2.fc44	aarch64
libpskc	0:2.6.14-1.fc44	aarch64
libpsl	0:0.21.5-7.fc44	aarch64
libpwquality	0:1.4.5-15.fc44	aarch64
libqalculate	0:5.9.0-1.fc44	aarch64
libqb	0:2.0.9-2.fc44	aarch64
libqhull_r	1:8.0.2-8.fc44	aarch64
libqmi	0:1.36.0-3.fc44	aarch64
libqmi-utils	0:1.36.0-3.fc44	aarch64
libqrtr-glib	0:1.2.2-9.fc44	aarch64
libquotient-qt6	0:0.9.5-4.fc44	aarch64
libqxp	0:0.0.2-33.fc44	aarch64
librabbitmq	0:0.17.0-1.fc44	aarch64
libraqm	0:0.10.1-4.fc44	aarch64
LibRaw	0:0.22.2-1.fc44	aarch64
libraw1394	0:2.1.2-25.fc44	aarch64
libref_array	0:0.1.5-61.fc44	aarch64
libreoffice-calc	1:26.2.4.2-4.fc44	aarch64
libreoffice-core	1:26.2.4.2-4.fc44	aarch64
libreoffice-data	1:26.2.4.2-4.fc44	aarch64
libreoffice-emailmerge	1:26.2.4.2-4.fc44	aarch64
libreoffice-graphicfilter	1:26.2.4.2-4.fc44	aarch64
libreoffice-gtk3	1:26.2.4.2-4.fc44	aarch64
libreoffice-gtk4	1:26.2.4.2-4.fc44	aarch64
libreoffice-help-en	1:26.2.4.2-4.fc44	aarch64
libreoffice-impress	1:26.2.4.2-4.fc44	aarch64
libreoffice-kf6	1:26.2.4.2-4.fc44	aarch64
libreoffice-langpack-en	1:26.2.4.2-4.fc44	aarch64
libreoffice-ogltrans	1:26.2.4.2-4.fc44	aarch64
libreoffice-opensymbol-fonts	1:26.2.4.2-4.fc44	noarch
libreoffice-pdfimport	1:26.2.4.2-4.fc44	aarch64
libreoffice-pyuno	1:26.2.4.2-4.fc44	aarch64
libreoffice-ure	1:26.2.4.2-4.fc44	aarch64
libreoffice-ure-common	1:26.2.4.2-4.fc44	noarch
libreoffice-writer	1:26.2.4.2-4.fc44	aarch64
librepo	0:1.20.0-5.fc44	aarch64
libreport	0:2.17.15-10.fc44	aarch64
libreport-anaconda	0:2.17.15-10.fc44	aarch64
libreport-cli	0:2.17.15-10.fc44	aarch64
libreport-fedora	0:2.17.15-10.fc44	aarch64
libreport-filesystem	0:2.17.15-10.fc44	noarch
libreport-gtk	0:2.17.15-10.fc44	aarch64
libreport-plugin-bugzilla	0:2.17.15-10.fc44	aarch64
libreport-plugin-kerneloops	0:2.17.15-10.fc44	aarch64
libreport-plugin-logger	0:2.17.15-10.fc44	aarch64
libreport-plugin-reportuploader	0:2.17.15-10.fc44	aarch64
libreport-plugin-systemd-journal	0:2.17.15-10.fc44	aarch64
libreport-plugin-ureport	0:2.17.15-10.fc44	aarch64
libreport-web	0:2.17.15-10.fc44	aarch64
libreswan	0:5.3.2-2.fc44	aarch64
libreswan-minimal	0:5.3.2-2.fc44	aarch64
librevenge	0:0.0.5-13.fc44	aarch64
librist	0:0.2.11-1.fc44	aarch64
librsvg2	0:2.62.3-1.fc44	aarch64
librttopo	0:1.1.0-19.fc44	aarch64
libsamplerate	0:0.2.2-12.fc44	aarch64
libsane-airscan	0:0.99.36-2.fc44	aarch64
libsane-hpaio	0:3.26.4-7.fc44	aarch64
libsbc	0:2.1-2.fc44	aarch64
libseat	0:0.9.3-1.fc44	aarch64
libseccomp	0:2.6.1-2.fc44	aarch64
libsecret	0:0.21.7-10.fc44	aarch64
libselinux	0:3.10-1.fc44	aarch64
libselinux-utils	0:3.10-1.fc44	aarch64
libsemanage	0:3.10-1.fc44	aarch64
libsepol	0:3.10-1.fc44	aarch64
libserf	0:1.3.10-13.fc44	aarch64
libshaderc	0:2026.1-1.fc44	aarch64
libshout	0:2.4.6-10.fc44	aarch64
libsigc++20	0:2.12.2-1.fc44	aarch64
libsigc++30	0:3.8.1-1.fc44	aarch64
libSM	0:1.2.5-4.fc44	aarch64
libsmartcols	0:2.41.5-1.fc44	aarch64
libsmbclient	2:4.24.4-1.fc44	aarch64
libsndfile	0:1.2.2-11.fc44	aarch64
libsodium	0:1.0.22-1.fc44	aarch64
libsolv	0:0.7.39-1.fc44	aarch64
libsoup3	0:3.6.6-8.fc44	aarch64
libspatialite	0:5.1.0-12.fc44	aarch64
libspectre	0:0.2.12-11.fc44	aarch64
libsrtp	0:2.8.0-1.fc44	aarch64
libss	0:1.47.3-4.fc44	aarch64
libssh	0:0.12.1-1.fc44	aarch64
libssh-config	0:0.12.1-1.fc44	noarch
libsss_certmap	0:2.13.1-2.fc44	aarch64
libsss_idmap	0:2.13.1-2.fc44	aarch64
libsss_nss_idmap	0:2.13.1-2.fc44	aarch64
libsss_sudo	0:2.13.1-2.fc44	aarch64
libstaroffice	0:0.0.7-17.fc44	aarch64
libstdc++	0:16.1.1-2.fc44	aarch64
libstemmer	0:3.0.1-11.fc44	aarch64
libswresample-free	0:8.1.2-1.fc44	aarch64
libswscale-free	0:8.1.2-1.fc44	aarch64
libtalloc	0:2.4.4-1.fc44	aarch64
libtasn1	0:4.21.0-1.fc44	aarch64
libtdb	0:1.4.15-1.fc44	aarch64
libteam	0:1.32-13.fc44	aarch64
libtevent	0:0.17.1-4.fc44	aarch64
libtextstyle	0:0.26-5.fc44	aarch64
libthai	0:0.1.30-2.fc44	aarch64
libtheora	1:1.1.1-41.fc44	aarch64
libtiff	0:4.7.2-1.fc44	aarch64
libtinysparql	0:3.11.1-1.fc44	aarch64
libtirpc	0:1.3.7-2.fc44	aarch64
libtommath	0:1.3.1~rc1-7.fc44	aarch64
libtool-ltdl	0:2.5.4-10.fc44	aarch64
libtraceevent	0:1.8.4-5.fc44	aarch64
libtree-sitter	0:0.26.10-1.fc44	aarch64
libubsan	0:16.1.1-2.fc44	aarch64
libudfread	0:1.2.0-3.fc44	aarch64
libudisks2	0:2.11.1-2.fc44	aarch64
libultrahdr	0:1.4.0^20251202git8cbc983-1.fc44	aarch64
libunibreak	0:6.1-5.fc44	aarch64
libunistring	0:1.1-11.fc44	aarch64
libunity-gtk3-parser	0:0.0.0+17.04.20170403-24.fc44	aarch64
libunwind	0:1.8.3-1.fc44	aarch64
liburing	0:2.13-2.fc44	aarch64
libusal	0:1.1.11-63.fc44	aarch64
libusb1	0:1.0.30-1.fc44	aarch64
libusbmuxd	0:2.1.1-1.fc44	aarch64
libuser	0:0.64-17.fc44	aarch64
libutempter	0:1.2.1-20.fc44	aarch64
libuuid	0:2.41.5-1.fc44	aarch64
libuv	1:1.52.1-2.fc44	aarch64
libv4l	0:1.32.0-3.fc44	aarch64
libva	0:2.23.0-3.fc44	aarch64
libvdpau	0:1.5-11.fc44	aarch64
libverto	0:0.3.2-12.fc44	aarch64
libverto-libev	0:0.3.2-12.fc44	aarch64
libvisio	0:0.1.11-1.fc44	aarch64
libvisual	1:0.4.2-4.fc44	aarch64
libvncserver	0:0.9.15-6.fc44	aarch64
libvorbis	1:1.3.7-14.fc44	aarch64
libvpx	0:1.15.0-5.fc44	aarch64
libvterm	0:0.3.3-7.fc44	aarch64
libwacom	0:2.19.0-1.fc44	aarch64
libwacom-data	0:2.19.0-1.fc44	noarch
libwayland-client	0:1.25.0-1.fc44	aarch64
libwayland-cursor	0:1.25.0-1.fc44	aarch64
libwayland-egl	0:1.25.0-1.fc44	aarch64
libwayland-server	0:1.25.0-1.fc44	aarch64
libwbclient	2:4.24.4-1.fc44	aarch64
libwebp	0:1.6.0-3.fc44	aarch64
libwinpr2	0:2.11.7-11.fc44	aarch64
libwinpr	2:3.30.0-1.fc44	aarch64
libwmf-lite	0:0.2.13-9.fc44	aarch64
libwnck3	0:43.3-2.fc44	aarch64
libwpd	0:0.10.3-24.fc44	aarch64
libwpg	0:0.3.4-7.fc44	aarch64
libwps	0:0.4.14-7.fc44	aarch64
libX11	0:1.8.13-1.fc44	aarch64
libX11-common	0:1.8.13-1.fc44	noarch
libX11-xcb	0:1.8.13-1.fc44	aarch64
libXau	0:1.0.12-4.fc44	aarch64
libXaw	0:1.0.16-5.fc44	aarch64
libxcb	0:1.17.0-7.fc44	aarch64
libXcomposite	0:0.4.6-7.fc44	aarch64
libxcrypt	0:4.5.2-3.fc44	aarch64
libxcrypt-devel	0:4.5.2-3.fc44	aarch64
libXcursor	0:1.2.3-4.fc44	aarch64
libxcvt	0:0.1.2-11.fc44	aarch64
libXdamage	0:1.1.6-7.fc44	aarch64
libXdmcp	0:1.1.5-5.fc44	aarch64
libxdo	1:3.20211022.1-10.fc44	aarch64
libXext	0:1.3.6-5.fc44	aarch64
libXfixes	0:6.0.1-7.fc44	aarch64
libXfont2	0:2.0.8-1.fc44	aarch64
libXft	0:2.3.8-10.fc44	aarch64
libXi	0:1.8.3-1.fc44	aarch64
libXinerama	0:1.1.5-10.fc44	aarch64
libxkbcommon	0:1.13.1-2.fc44	aarch64
libxkbcommon-x11	0:1.13.1-2.fc44	aarch64
libxkbfile	0:1.1.3-5.fc44	aarch64
libxml2	0:2.12.10-6.fc44	aarch64
libxmlb	0:0.3.28-1.fc44	aarch64
libXmu	0:1.2.1-5.fc44	aarch64
libXpm	0:3.5.17-7.fc44	aarch64
libXrandr	0:1.5.4-7.fc44	aarch64
libXrender	0:0.9.12-4.fc44	aarch64
libXres	0:1.2.2-7.fc44	aarch64
libXScrnSaver	0:1.2.4-7.fc44	aarch64
libxshmfence	0:1.3.2-8.fc44	aarch64
libxslt	0:1.1.43-6.fc44	aarch64
libXt	0:1.3.1-4.fc44	aarch64
libXtst	0:1.2.5-4.fc44	aarch64
libXv	0:1.0.13-4.fc44	aarch64
libXxf86dga	0:1.1.6-7.fc44	aarch64
libXxf86vm	0:1.1.6-4.fc44	aarch64
libyaml	0:0.2.5-18.fc44	aarch64
libyuv	0:0-0.61.20260213git6067afd.fc44	aarch64
libzip	0:1.11.4-3.fc44	aarch64
libzmf	0:0.0.2-42.fc44	aarch64
libzstd	0:1.5.7-5.fc44	aarch64
libzstd-devel	0:1.5.7-5.fc44	aarch64
lilv-libs	0:0.26.4-1.fc44	aarch64
linux-atm-libs	0:2.5.1-46.fc44	aarch64
linux-firmware	0:20260622-1.fc44	noarch
linux-firmware-vendor	0:20250713-7.fc44	noarch
linux-firmware-whence	0:20260622-1.fc44	noarch
lksctp-tools	0:1.0.21-3.fc44	aarch64
llvm-filesystem	0:22.1.8-4.fc44	aarch64
llvm-libs	0:22.1.8-4.fc44	aarch64
lmdb-libs	0:0.9.34-2.fc44	aarch64
lm_sensors	0:3.6.0-24.fc44	aarch64
lm_sensors-libs	0:3.6.0-24.fc44	aarch64
localsearch	0:3.11.1-1.fc44	aarch64
lockdev	0:1.0.4-0.54.20111007git.fc44	aarch64
logrotate	0:3.22.0-5.fc44	aarch64
low-memory-monitor	0:2.1-14.fc44	aarch64
lpcnetfreedv	0:0.5-10.fc44	aarch64
lpsolve	0:5.5.2.14-2.fc44	aarch64
lrzsz	0:0.12.20-76.fc44	aarch64
lsb_release	0:3.3-8.fc44	noarch
lsof	0:4.98.0-9.fc44	aarch64
lsp-plugins-lv2	0:1.2.29-1.fc44	aarch64
lttng-ust	0:2.14.0-5.fc44	aarch64
lua5.1-lpeg	0:1.1.0-7.fc44	aarch64
luajit	0:2.1.1767980792-1.fc44	aarch64
luajit2.1-luv	0:1.51.0.2-2.fc44	aarch64
lua-libs	0:5.4.8-5.fc44	aarch64
lv2	0:1.18.10-4.fc44	aarch64
lv2-bankstown	0:1.1.0-6.fc44	aarch64
lv2-triforce	0:0.3.2-3.fc44	aarch64
lvm2	0:2.03.38-2.fc44	aarch64
lvm2-libs	0:2.03.38-2.fc44	aarch64
lz4-libs	0:1.10.0-4.fc44	aarch64
lzfse-libs	0:1.0-9.fc44	aarch64
lzo	0:2.10-16.fc44	aarch64
m17n-db	0:1.8.14-1.fc44	noarch
m17n-lib	0:1.8.6-3.fc44	aarch64
m1n1	0:1.5.2-2.fc44	aarch64
madan-fonts	0:2.000-43.fc44	noarch
mailcap	0:2.1.54-10.fc44	noarch
mailcommon	0:26.04.3-1.fc44	aarch64
mailimporter	0:26.04.3-1.fc44	aarch64
mailimporter-akonadi	0:26.04.3-1.fc44	aarch64
make	1:4.4.1-12.fc44	aarch64
makedumpfile	0:1.7.9-1.fc44	aarch64
mako	0:1.11.0-1.fc44	aarch64
malcontent-libs	0:0.14.0-1.fc44	aarch64
maliit-framework	0:2.3.0-11.fc44	aarch64
maliit-framework-qt5	0:2.3.0-11.fc44	aarch64
maliit-keyboard	0:2.3.1-12.fc44	aarch64
man-db	0:2.13.1-3.fc44	aarch64
man-pages	0:6.13-3.fc44	noarch
mariadb	3:11.8.8-3.fc44	aarch64
mariadb-backup	3:11.8.8-3.fc44	aarch64
mariadb-client-utils	3:11.8.8-3.fc44	noarch
mariadb-common	3:11.8.8-3.fc44	noarch
mariadb-connector-c	0:3.4.9-2.fc44	aarch64
mariadb-connector-c-config	0:3.4.9-2.fc44	noarch
mariadb-cracklib-password-check	3:11.8.8-3.fc44	aarch64
mariadb-errmsg	3:11.8.8-3.fc44	noarch
mariadb-gssapi-server	3:11.8.8-3.fc44	aarch64
mariadb-server	3:11.8.8-3.fc44	aarch64
mariadb-server-utils	3:11.8.8-3.fc44	noarch
mbedtls	0:3.6.7-1.fc44	aarch64
md4c	0:0.5.1-5.fc44	aarch64
mdadm	0:4.3-11.fc44	aarch64
media-player-info	0:23-20.fc44	noarch
mediawriter	0:5.3.2-1.fc44	aarch64
memstrack	0:0.2.5-8.fc44	aarch64
mesa-dri-drivers	0:26.1.5-1.fc44	aarch64
mesa-filesystem	0:26.1.5-1.fc44	aarch64
mesa-libEGL	0:26.1.5-1.fc44	aarch64
mesa-libgbm	0:26.1.5-1.fc44	aarch64
mesa-libGL	0:26.1.5-1.fc44	aarch64
mesa-libGLU	0:9.0.3-8.fc44	aarch64
mesa-libOpenCL	0:26.1.5-1.fc44	aarch64
mesa-vulkan-drivers	0:26.1.5-1.fc44	aarch64
messagelib	0:26.04.3-1.fc44	aarch64
mimetreeparser	0:26.04.3-1.fc44	aarch64
minicom	0:2.11.1-1.fc44	aarch64
minizip-ng-compat	0:4.1.0-1.fc44	aarch64
mkpasswd	0:5.6.6-1.fc44	aarch64
mobile-broadband-provider-info	0:20240407-5.fc44	noarch
ModemManager	0:1.24.2-3.fc44	aarch64
ModemManager-glib	0:1.24.2-3.fc44	aarch64
mokutil	2:0.7.2-3.fc44	aarch64
mozilla-filesystem	0:1.9-38.fc44	aarch64
mozilla-openh264	0:2.6.0-3.fc44	aarch64
mpage	0:2.5.7-24.fc44	aarch64
mpdecimal	0:4.0.1-3.fc44	aarch64
mpfr	0:4.2.2-3.fc44	aarch64
mpg123-libs	0:1.32.10-3.fc44	aarch64
mt7xxx-firmware	0:20260622-1.fc44	noarch
mtdev	0:1.1.6-12.fc44	aarch64
mtr	2:0.96-1.fc44	aarch64
muParser	0:2.3.5-5.fc44	aarch64
muvm	0:0.6.0-3.fc44	aarch64
mysql-selinux	0:1.0.14-3.fc44	noarch
mythes	0:1.2.5-10.fc44	aarch64
mythes-en	0:3.0-43.fc44	noarch
nano	0:8.7.1-2.fc44	aarch64
nano-default-editor	0:8.7.1-2.fc44	noarch
ncurses	0:6.6-1.fc44	aarch64
ncurses-base	0:6.6-1.fc44	noarch
ncurses-libs	0:6.6-1.fc44	aarch64
neochat	0:26.04.3-1.fc44	aarch64
neon	0:0.37.1-1.fc44	aarch64
neovim	0:0.12.4-3.fc44	aarch64
netavark	2:1.17.2-1.fc44	aarch64
netcdf	0:4.9.3-2.fc44	aarch64
netpbm	0:11.13.00-2.fc44	aarch64
net-snmp-libs	1:5.9.5.2-4.fc44	aarch64
nettle	0:3.10.1-3.fc44	aarch64
net-tools	0:2.0-0.77.20160912git.fc44	aarch64
NetworkManager	1:1.56.1-2.fc44	aarch64
NetworkManager-adsl	1:1.56.1-2.fc44	aarch64
NetworkManager-bluetooth	1:1.56.1-2.fc44	aarch64
NetworkManager-config-connectivity-fedora	1:1.56.1-2.fc44	noarch
NetworkManager-l2tp	0:1.52.4-1.fc44	aarch64
NetworkManager-libnm	1:1.56.1-2.fc44	aarch64
NetworkManager-libreswan	0:1.2.30-3.fc44	aarch64
NetworkManager-libreswan-gnome	0:1.2.30-3.fc44	aarch64
NetworkManager-openconnect	0:1.2.10-11.fc44	aarch64
NetworkManager-openvpn	1:1.12.5-4.fc44	aarch64
NetworkManager-ppp	1:1.56.1-2.fc44	aarch64
NetworkManager-pptp	1:1.2.12-12.fc44	aarch64
NetworkManager-team	1:1.56.1-2.fc44	aarch64
NetworkManager-vpnc	1:1.4.0-6.fc44	aarch64
NetworkManager-wifi	1:1.56.1-2.fc44	aarch64
NetworkManager-wwan	1:1.56.1-2.fc44	aarch64
newt	0:0.52.25-6.fc44	aarch64
nfs-client-utils	1:2.8.7-6.fc44	aarch64
nfs-common-utils	1:2.8.7-6.fc44	aarch64
nfs-utils	1:2.8.7-6.fc44	aarch64
nfsv3-client-utils	1:2.8.7-6.fc44	aarch64
nfsv4-client-utils	1:2.8.7-6.fc44	aarch64
nftables	1:1.1.6-2.fc44	aarch64
nftables-services	1:1.1.6-2.fc44	noarch
ngtcp2	0:1.22.1-1.fc44	aarch64
ngtcp2-crypto-gnutls	0:1.22.1-1.fc44	aarch64
ngtcp2-crypto-ossl	0:1.22.1-1.fc44	aarch64
nilfs-utils	0:2.2.11-8.fc44	aarch64
nmap-ncat	4:7.92-11.fc44	aarch64
nm-connection-editor	0:1.36.0-7.fc44	aarch64
nodejs22	1:22.22.2-3.fc44	aarch64
nodejs22-bin	1:22.22.2-3.fc44	noarch
nodejs22-docs	1:22.22.2-3.fc44	noarch
nodejs22-full-i18n	1:22.22.2-3.fc44	aarch64
nodejs22-libs	1:22.22.2-3.fc44	aarch64
nodejs22-npm	1:10.9.7-1.22.22.2.3.fc44	noarch
nodejs22-npm-bin	1:22.22.2-3.fc44	noarch
npth	0:1.8-4.fc44	aarch64
nspr	0:4.39.0-2.fc44	aarch64
nss	0:3.125.0-1.fc44	aarch64
nss-mdns	0:0.15.1-28.fc44	aarch64
nss-softokn	0:3.125.0-1.fc44	aarch64
nss-softokn-freebl	0:3.125.0-1.fc44	aarch64
nss-sysinit	0:3.125.0-1.fc44	aarch64
nss-tools	0:3.125.0-1.fc44	aarch64
nss-util	0:3.125.0-1.fc44	aarch64
ntfs-3g	2:2026.2.25-1.fc44	aarch64
ntfs-3g-libs	2:2026.2.25-1.fc44	aarch64
ntfs-3g-system-compression	0:1.1-2.fc44	aarch64
ntfsprogs	2:2026.2.25-1.fc44	aarch64
numactl-libs	0:2.0.19-4.fc44	aarch64
nwg-panel	0:0.10.5-6.fc44	noarch
nxpwireless-firmware	0:20260622-1.fc44	noarch
ocean-sound-theme	0:6.7.3-1.fc44	noarch
ocfs2-tools	0:1.8.9-2.fc44	aarch64
ocl-icd	0:2.3.4-2.fc44	aarch64
ogdi	0:4.1.1-7.fc44	aarch64
okular	0:26.04.3-1.fc44	aarch64
okular-libs	0:26.04.3-1.fc44	aarch64
okular-part	0:26.04.3-1.fc44	aarch64
oniguruma	0:6.9.10-4.fc44	aarch64
openal-soft	0:1.24.2-6.fc44	aarch64
openapv-libs	0:0.2.1.2-1.fc44	aarch64
openblas	0:0.3.29-2.fc43	aarch64
openblas-openmp	0:0.3.29-2.fc43	aarch64
openblas-openmp64	0:0.3.29-2.fc43	aarch64
openblas-serial	0:0.3.29-2.fc43	aarch64
opencl-filesystem	0:1.0-24.fc44	noarch
openconnect	0:9.12-11.fc44	aarch64
opencore-amr	0:0.1.6-10.fc44	aarch64
opencsd	0:1.6.1-2.fc44	aarch64
opencv-calib3d	0:4.13.0-1.fc44	aarch64
opencv-core	0:4.13.0-1.fc44	aarch64
opencv-dnn	0:4.13.0-1.fc44	aarch64
opencv-features2d	0:4.13.0-1.fc44	aarch64
opencv-flann	0:4.13.0-1.fc44	aarch64
opencv-imgcodecs	0:4.13.0-1.fc44	aarch64
opencv-imgproc	0:4.13.0-1.fc44	aarch64
opencv-ml	0:4.13.0-1.fc44	aarch64
opencv-objdetect	0:4.13.0-1.fc44	aarch64
openexr-libs	0:3.2.4-7.fc44	aarch64
openh264	0:2.6.0-3.fc44	aarch64
openjpeg	0:2.5.4-3.fc44	aarch64
openldap	0:2.6.13-1.fc44	aarch64
openpace	0:1.1.3-5.fc44	aarch64
openpgm	0:5.3.128-6.fc44	aarch64
open-sans-fonts	0:1.10-25.fc44	noarch
opensc	0:0.27.1-2.fc44	aarch64
opensc-libs	0:0.27.1-2.fc44	aarch64
openssh	0:10.2p1-13.fc44	aarch64
openssh-askpass	0:10.2p1-13.fc44	aarch64
openssh-clients	0:10.2p1-13.fc44	aarch64
openssh-server	0:10.2p1-13.fc44	aarch64
openssl	1:3.5.7-2.fc44	aarch64
openssl-libs	1:3.5.7-2.fc44	aarch64
open-vm-tools	0:13.1.0-2.fc44	aarch64
open-vm-tools-desktop	0:13.1.0-2.fc44	aarch64
openvpn	0:2.7.5-1.fc44	aarch64
openxr-libs	0:1.1.61-1.fc44	aarch64
opus	0:1.6-2.fc44	aarch64
opusfile	0:0.12-18.fc44	aarch64
opus-tools	0:0.2-20.fc44	aarch64
orc	0:0.4.41-3.fc44	aarch64
orca	0:50.2-1.fc44	noarch
osinfo-db	0:20251212-1.fc44	noarch
osinfo-db-tools	0:1.12.0-5.fc44	aarch64
os-prober	0:1.81-11.fc44	aarch64
ostree-libs	0:2026.2-1.fc44	aarch64
p11-kit	0:0.26.4-1.fc44	aarch64
p11-kit-client	0:0.26.4-1.fc44	aarch64
p11-kit-server	0:0.26.4-1.fc44	aarch64
p11-kit-trust	0:0.26.4-1.fc44	aarch64
PackageKit	0:1.3.6-1.fc44	aarch64
PackageKit-command-not-found	0:1.3.6-1.fc44	aarch64
PackageKit-glib	0:1.3.6-1.fc44	aarch64
PackageKit-gstreamer-plugin	0:1.3.6-1.fc44	aarch64
PackageKit-Qt6	0:1.1.4-4.fc44	aarch64
pakchois	0:0.4-33.fc42	aarch64
paktype-naskh-basic-fonts	0:7.0-4.20231228.fc44	noarch
pam	0:1.7.2-2.fc44	aarch64
pam-kwallet	0:6.7.3-1.fc44	aarch64
pam-libs	0:1.7.2-2.fc44	aarch64
pam_passwdqc	0:2.0.3-9.fc44	aarch64
pango	0:1.57.1-1.fc44	aarch64
pangomm	0:2.46.4-5.fc44	aarch64
pangomm2.48	0:2.56.2-1.fc44	aarch64
paps	0:0.8.0-15.fc44	aarch64
parquet-libs	0:23.0.1-1.fc44	aarch64
parted	0:3.6-14.fc44	aarch64
passim	0:0.1.11-1.fc44	aarch64
passim-libs	0:0.1.11-1.fc44	aarch64
passt	0:0^20260716.g090d739-2.fc44	aarch64
passt-selinux	0:0^20260716.g090d739-2.fc44	noarch
passwdqc	0:2.0.3-9.fc44	aarch64
passwdqc-utils	0:2.0.3-9.fc44	aarch64
patch	0:2.8-4.fc44	aarch64
patchutils	0:0.4.4-3.fc44	aarch64
pcaudiolib	0:1.1-19.fc44	aarch64
pciutils	0:3.15.0-1.fc44	aarch64
pciutils-libs	0:3.15.0-1.fc44	aarch64
pcre2	0:10.47-1.fc44.1	aarch64
pcre2-syntax	0:10.47-1.fc44.1	noarch
pcre2-utf16	0:10.47-1.fc44.1	aarch64
pcre2-utf32	0:10.47-1.fc44.1	aarch64
pcsc-lite	0:2.4.1-2.fc44	aarch64
pcsc-lite-ccid	0:1.7.1-2.fc44	aarch64
pcsc-lite-libs	0:2.4.1-2.fc44	aarch64
perl-AutoLoader	0:5.74-524.fc44	noarch
perl-B	0:1.89-524.fc44	aarch64
perl-base	0:2.27-524.fc44	noarch
perl-Carp	0:1.54-521.fc44	noarch
perl-Class-Struct	0:0.68-524.fc44	noarch
perl-constant	0:1.33-522.fc44	noarch
perl-Data-Dumper	0:2.192-523.fc44	aarch64
perl-DBD-MariaDB	0:1.24-4.fc44	aarch64
perl-DBI	0:1.651-1.fc44	aarch64
perl-Digest	0:1.20-521.fc44	noarch
perl-Digest-MD5	0:2.59-521.fc44	aarch64
perl-DynaLoader	0:1.57-524.fc44	aarch64
perl-Encode	4:3.21-521.fc44	aarch64
perl-Errno	0:1.38-524.fc44	aarch64
perl-Error	1:0.17030-3.fc44	noarch
perl-Exporter	0:5.79-521.fc44	noarch
perl-Fcntl	0:1.20-524.fc44	aarch64
perl-File-Basename	0:2.86-524.fc44	noarch
perl-File-Copy	0:2.41-524.fc44	noarch
perl-FileHandle	0:2.05-524.fc44	noarch
perl-File-Path	0:2.18-522.fc44	noarch
perl-File-stat	0:1.14-524.fc44	noarch
perl-File-Temp	1:0.231.200-2.fc44	noarch
perl-Getopt-Long	1:2.58-521.fc44	noarch
perl-Getopt-Std	0:1.14-524.fc44	noarch
perl-Git	0:2.55.0-1.fc44	noarch
perl-HTTP-Tiny	0:0.094-1.fc44	noarch
perl-if	0:0.61.000-524.fc44	noarch
perl-Image-ExifTool	0:13.50-1.fc44	noarch
perl-interpreter	4:5.42.2-524.fc44	aarch64
perl-IO	0:1.55-524.fc44	aarch64
perl-IO-Socket-IP	0:0.43-522.fc44	noarch
perl-IO-Socket-SSL	0:2.098-2.fc44	noarch
perl-IPC-Open3	0:1.24-524.fc44	noarch
perl-lib	0:0.65-524.fc44	aarch64
perl-libnet	0:3.15-522.fc44	noarch
perl-libs	4:5.42.2-524.fc44	aarch64
perl-locale	0:1.13-524.fc44	noarch
perl-Math-BigInt	1:2.0050.03-4.fc44	noarch
perl-Math-Complex	0:1.63-524.fc44	noarch
perl-MIME-Base32	0:1.303-25.fc44	noarch
perl-MIME-Base64	0:3.16-521.fc44	aarch64
perl-Module-Load	1:0.36-521.fc44	noarch
perl-mro	0:1.29-524.fc44	aarch64
perl-NDBM_File	0:1.18-524.fc44	aarch64
perl-Net-SSLeay	0:1.94-12.fc44	aarch64
perl-overload	0:1.40-524.fc44	noarch
perl-overloading	0:0.02-524.fc44	noarch
perl-parent	1:0.244-521.fc44	noarch
perl-PathTools	0:3.94-521.fc44	aarch64
perl-Pod-Escapes	1:1.07-521.fc44	noarch
perl-podlators	1:6.0.2-521.fc44	noarch
perl-Pod-Perldoc	0:3.28.01-522.fc44	noarch
perl-Pod-Simple	1:3.47-4.fc44	noarch
perl-Pod-Usage	4:2.05-521.fc44	noarch
perl-POSIX	0:2.23-524.fc44	aarch64
perl-Scalar-List-Utils	5:1.70-2.fc44	aarch64
perl-SelectSaver	0:1.02-524.fc44	noarch
perl-Socket	4:2.041-1.fc44	aarch64
perl-Storable	1:3.37-522.fc44	aarch64
perl-Symbol	0:1.09-524.fc44	noarch
perl-Sys-Hostname	0:1.25-524.fc44	aarch64
perl-Term-ANSIColor	0:5.01-522.fc44	noarch
perl-Term-Cap	0:1.18-521.fc44	noarch
perl-TermReadKey	0:2.38-27.fc44	aarch64
perl-Text-ParseWords	0:3.31-521.fc44	noarch
perl-Text-Tabs+Wrap	0:2024.001-521.fc44	noarch
perl-Time-HiRes	4:1.9778-521.fc44	aarch64
perl-Time-Local	2:1.350-521.fc44	noarch
perl-URI	0:5.35-1.fc44	noarch
perl-vars	0:1.05-524.fc44	noarch
phonon-backend-vlc-common	0:0.12.0-8.fc44	noarch
phonon-common	0:4.12.0-11.fc44	noarch
phonon-qt5	0:4.12.0-11.fc44	aarch64
phonon-qt5-backend-vlc	0:0.12.0-8.fc44	aarch64
phonon-qt6	0:4.12.0-11.fc44	aarch64
phonon-qt6-backend-vlc	0:0.12.0-8.fc44	aarch64
pigz	0:2.8-8.fc44	aarch64
pimcommon	0:26.04.3-1.fc44	aarch64
pim-data-exporter	0:26.04.3-1.fc44	aarch64
pim-data-exporter-libs	0:26.04.3-1.fc44	aarch64
pim-sieve-editor	0:26.04.3-1.fc44	aarch64
pinentry	0:1.3.2-3.fc44	aarch64
pinentry-qt	0:1.3.2-3.fc44	aarch64
pinfo	0:0.6.13-10.fc44	aarch64
pipewire	0:1.6.8-1.fc44	aarch64
pipewire-alsa	0:1.6.8-1.fc44	aarch64
pipewire-config-raop	0:1.6.8-1.fc44	aarch64
pipewire-gstreamer	0:1.6.8-1.fc44	aarch64
pipewire-jack-audio-connection-kit	0:1.6.8-1.fc44	aarch64
pipewire-jack-audio-connection-kit-libs	0:1.6.8-1.fc44	aarch64
pipewire-libs	0:1.6.8-1.fc44	aarch64
pipewire-module-filter-chain-lv2	0:1.6.8-1.fc44	aarch64
pipewire-plugin-libcamera	0:1.6.8-1.fc44	aarch64
pipewire-pulseaudio	0:1.6.8-1.fc44	aarch64
pipewire-utils	0:1.6.8-1.fc44	aarch64
pixman	0:0.46.2-3.fc44	aarch64
pkcs11-helper	0:1.30.0-5.fc44	aarch64
pkcs11-provider	0:1.1-3.fc44	aarch64
pkgconf	0:2.5.1-1.fc44	aarch64
pkgconf-m4	0:2.5.1-1.fc44	noarch
pkgconf-pkg-config	0:2.5.1-1.fc44	aarch64
plasma5support	0:6.7.3-1.fc44	aarch64
plasma-activities	0:6.7.3-1.fc44	aarch64
plasma-activities-stats	0:6.7.3-1.fc44	aarch64
plasma-breeze	0:6.7.3-1.fc44	aarch64
plasma-breeze-common	0:6.7.3-1.fc44	noarch
plasma-breeze-qt5	0:6.7.3-1.fc44	aarch64
plasma-breeze-qt6	0:6.7.3-1.fc44	aarch64
plasma-browser-integration	0:6.7.3-1.fc44	aarch64
plasma-desktop	0:6.7.3-1.fc44	aarch64
plasma-desktop-doc	0:6.7.3-1.fc44	noarch
plasma-discover	0:6.7.3-1.fc44	aarch64
plasma-discover-flatpak	0:6.7.3-1.fc44	aarch64
plasma-discover-kns	0:6.7.3-1.fc44	aarch64
plasma-discover-libs	0:6.7.3-1.fc44	aarch64
plasma-discover-notifier	0:6.7.3-1.fc44	aarch64
plasma-discover-offline-updates	0:6.7.3-1.fc44	aarch64
plasma-discover-packagekit	0:6.7.3-1.fc44	aarch64
plasma-disks	0:6.7.3-1.fc44	aarch64
plasma-drkonqi	0:6.7.3-1.fc44	aarch64
plasma-integration	0:6.7.3-1.fc44	aarch64
plasma-integration-qt5	0:6.7.3-1.fc44	aarch64
plasma-keyboard	1:6.7.3-1.fc44	aarch64
plasma-login-manager	0:6.7.3-4.fc44	aarch64
plasma-lookandfeel-fedora	0:6.7.3-1.fc44	noarch
plasma-milou	0:6.7.3-1.fc44	aarch64
plasma-nm	0:6.7.3-1.fc44	aarch64
plasma-nm-l2tp	0:6.7.3-1.fc44	aarch64
plasma-nm-openconnect	0:6.7.3-1.fc44	aarch64
plasma-nm-openswan	0:6.7.3-1.fc44	aarch64
plasma-nm-openvpn	0:6.7.3-1.fc44	aarch64
plasma-nm-pptp	0:6.7.3-1.fc44	aarch64
plasma-nm-vpnc	0:6.7.3-1.fc44	aarch64
plasma-pa	0:6.7.3-1.fc44	aarch64
plasma-print-manager	0:6.7.3-1.fc44	aarch64
plasma-print-manager-libs	0:6.7.3-1.fc44	aarch64
plasma-setup	0:6.7.3-1.fc44	aarch64
plasma-systemmonitor	0:6.7.3-1.fc44	aarch64
plasma-systemsettings	0:6.7.3-1.fc44	aarch64
plasma-thunderbolt	0:6.7.3-1.fc44	aarch64
plasma-vault	0:6.7.3-1.fc44	aarch64
plasma-welcome	0:6.7.3-1.fc44	aarch64
plasma-workspace	0:6.7.3-1.fc44	aarch64
plasma-workspace-common	0:6.7.3-1.fc44	aarch64
plasma-workspace-libs	0:6.7.3-1.fc44	aarch64
plasma-workspace-wallpapers	0:6.7.3-1.fc44	noarch
playerctl	0:2.4.1-12.fc44	aarch64
playerctl-libs	0:2.4.1-12.fc44	aarch64
plocate	0:1.1.24-1.fc44	aarch64
plutosvg	0:0.0.8-2.fc44	aarch64
plutovg	0:1.3.3-1.fc44	aarch64
plymouth	0:24.004.60-24.fc44	aarch64
plymouth-core-libs	0:24.004.60-24.fc44	aarch64
plymouth-graphics-libs	0:24.004.60-24.fc44	aarch64
plymouth-plugin-label	0:24.004.60-24.fc44	aarch64
plymouth-plugin-two-step	0:24.004.60-24.fc44	aarch64
plymouth-scripts	0:24.004.60-24.fc44	aarch64
plymouth-system-theme	0:24.004.60-24.fc44	aarch64
plymouth-theme-spinner	0:24.004.60-24.fc44	aarch64
podman	5:5.8.4-1.fc44	aarch64
podman-sequoia	0:0.3.2-2.fc44	aarch64
policycoreutils	0:3.10-4.fc44	aarch64
policycoreutils-python-utils	0:3.10-4.fc44	noarch
polkit	0:127-2.fc44.2	aarch64
polkit-kde	0:6.7.3-1.fc44	aarch64
polkit-libs	0:127-2.fc44.2	aarch64
polkit-pkla-compat	0:0.1-32.fc44	aarch64
polkit-qt5-1	0:0.201.1-1.fc44	aarch64
polkit-qt6-1	0:0.201.1-1.fc44	aarch64
poly2tri	0:0.0^20130501hg26242d0aa7b8-7.fc44	aarch64
poppler	0:26.01.0-3.fc44	aarch64
poppler-cpp	0:26.01.0-3.fc44	aarch64
poppler-data	0:0.4.11-11.fc44	noarch
poppler-glib	0:26.01.0-3.fc44	aarch64
poppler-qt6	0:26.01.0-3.fc44	aarch64
poppler-utils	0:26.01.0-3.fc44	aarch64
popt	0:1.19-10.fc44	aarch64
portaudio	0:19.7.0-3.fc44	aarch64
powerdevil	0:6.7.3-1.fc44	aarch64
ppp	0:2.5.1-7.fc44	aarch64
pptp	0:1.10.0-24.fc44	aarch64
prefixdevname	0:0.2.0-8.fc44	aarch64
procps-ng	0:4.0.6-1.fc44	aarch64
proj	0:9.8.1-1.fc44	aarch64
proj-data	0:9.8.1-1.fc44	noarch
proj-data-ar	0:9.8.1-1.fc44	noarch
proj-data-at	0:9.8.1-1.fc44	noarch
proj-data-au	0:9.8.1-1.fc44	noarch
proj-data-be	0:9.8.1-1.fc44	noarch
proj-data-br	0:9.8.1-1.fc44	noarch
proj-data-ca	0:9.8.1-1.fc44	noarch
proj-data-ch	0:9.8.1-1.fc44	noarch
proj-data-cz	0:9.8.1-1.fc44	noarch
proj-data-de	0:9.8.1-1.fc44	noarch
proj-data-dk	0:9.8.1-1.fc44	noarch
proj-data-es	0:9.8.1-1.fc44	noarch
proj-data-eur	0:9.8.1-1.fc44	noarch
proj-data-fi	0:9.8.1-1.fc44	noarch
proj-data-fo	0:9.8.1-1.fc44	noarch
proj-data-fr	0:9.8.1-1.fc44	noarch
proj-data-hu	0:9.8.1-1.fc44	noarch
proj-data-is	0:9.8.1-1.fc44	noarch
proj-data-jp	0:9.8.1-1.fc44	noarch
proj-data-lv	0:9.8.1-1.fc44	noarch
proj-data-mx	0:9.8.1-1.fc44	noarch
proj-data-nc	0:9.8.1-1.fc44	noarch
proj-data-nl	0:9.8.1-1.fc44	noarch
proj-data-no	0:9.8.1-1.fc44	noarch
proj-data-nz	0:9.8.1-1.fc44	noarch
proj-data-pl	0:9.8.1-1.fc44	noarch
proj-data-pt	0:9.8.1-1.fc44	noarch
proj-data-se	0:9.8.1-1.fc44	noarch
proj-data-si	0:9.8.1-1.fc44	noarch
proj-data-sk	0:9.8.1-1.fc44	noarch
proj-data-uk	0:9.8.1-1.fc44	noarch
proj-data-us	0:9.8.1-1.fc44	noarch
proj-data-za	0:9.8.1-1.fc44	noarch
protobuf	0:3.19.6-20.fc44	aarch64
protobuf-c	0:1.5.2-2.fc44	aarch64
psacct	0:6.6.4-26.fc44	aarch64
psmisc	0:23.7-7.fc44	aarch64
publicsuffix-list-dafsa	0:20260116-1.fc44	noarch
pugixml	0:1.16-1.fc44	aarch64
pulseaudio-libs	0:17.0-9.fc44	aarch64
pulseaudio-libs-glib2	0:17.0-9.fc44	aarch64
pulseaudio-qt-qt6	0:1.8.1-1.fc44	aarch64
pulseaudio-utils	0:17.0-9.fc44	aarch64
python3	0:3.14.6-1.fc44	aarch64
python3-abrt	0:2.17.8-3.fc44	aarch64
python3-abrt-addon	0:2.17.8-3.fc44	noarch
python3-anyio	0:4.13.0-1.fc44	noarch
python3-argcomplete	0:3.6.3-4.fc44	noarch
python3-asahi_firmware	0:0.8.3-1.fc44	aarch64
python3-asn1	0:2.7.0-9.fc44	noarch
python3-attrs	0:25.4.0-2.fc44	noarch
python3-audit	0:4.1.4-1.fc44	aarch64
python3-augeas	0:1.2.0-7.fc44	aarch64
python3-beautifulsoup4	0:4.15.0-1.fc44	noarch
python3-blivet	1:3.13.2-2.fc44	noarch
python3-blockdev	0:3.5.0-1.fc44	aarch64
python3-boto3	0:1.43.52-1.fc44	noarch
python3-botocore	0:1.43.52-1.fc44	noarch
python3-brlapi	0:0.8.7-8.fc44	aarch64
python3-bytesize	0:2.12-2.fc44	aarch64
python3-cairo	0:1.28.0-5.fc44	aarch64
python3-certifi	0:2026.01.04-1.fc44	noarch
python3-cffi	0:2.0.0-3.fc44	aarch64
python3-chardet	0:6.0.0.post1-1.fc44	noarch
python3-charset-normalizer	0:3.4.4-2.fc44	noarch
python3-click	1:8.3.3-1.fc44	noarch
python3-crypt-r	0:3.13.1-9.fc44	aarch64
python3-cups	0:2.0.4-8.fc44	aarch64
python3-dasbus	0:1.7-14.fc44	noarch
python3-dateutil	1:2.9.0.post0-7.fc44	noarch
python3-dbus	0:1.4.0-9.fc44	aarch64
python3-distro	0:1.9.0-11.fc44	noarch
python3-dnf	0:4.24.0-3.fc44	noarch
python3-enchant	0:3.3.0-2.fc44	noarch
python3-evdev	0:1.9.3-1.fc44	aarch64
python3-file-magic	0:5.46-10.fc44	noarch
python3-firewall	0:2.4.4-1.fc44	noarch
python3-gobject	0:3.56.3-1.fc44	aarch64
python3-gobject-base	0:3.56.3-1.fc44	aarch64
python3-h11	0:0.16.0-6.fc44	noarch
python3-hawkey	0:0.75.0-2.fc44	aarch64
python3-html2text	0:2025.4.15-6.fc44	noarch
python3-httpcore	0:1.0.9-6.fc44	noarch
python3-httpx	0:0.28.1-11.fc44	noarch
python3-humanize	0:4.15.0-2.fc44	noarch
python3-i3ipc	0:2.2.1-20.fc44	noarch
python3-ibus	0:1.5.34-4.fc44	aarch64
python3-idna	0:3.18-1.fc44	noarch
python3-inotify	0:0.9.6-43.fc44	noarch
python3-iso639	0:0.1.4-33.fc44	noarch
python3-jmespath	0:1.0.1-14.fc44	noarch
python3-jsonschema	0:4.23.0-7.fc44	noarch
python3-jsonschema-specifications	0:2024.10.1-7.fc44	noarch
python3-kickstart	0:3.69-1.fc44	noarch
python3-langtable	0:0.0.71-1.fc44	noarch
python3-libcomps	0:0.1.24-1.fc44	aarch64
python3-libdnf	0:0.75.0-2.fc44	aarch64
python3-libdnf5	0:5.4.2.1-1.fc44	aarch64
python3-libmount	0:2.41.5-1.fc44	aarch64
python3-libreport	0:2.17.15-10.fc44	aarch64
python3-libs	0:3.14.6-1.fc44	aarch64
python3-libselinux	0:3.10-1.fc44	aarch64
python3-libsemanage	0:3.10-1.fc44	aarch64
python3-libxml2	0:2.12.10-6.fc44	aarch64
python3-linux-procfs	0:0.7.4-3.fc44	noarch
python3-louis	0:3.33.0-7.fc44	noarch
python3-lxml	0:6.1.1-1.fc44	aarch64
python3-markdown-it-py	0:3.0.0-14.fc44	noarch
python3-mdurl	0:0.1.2-14.fc44	noarch
python3-meh	0:0.52-9.fc44	noarch
python3-meh-gui	0:0.52-9.fc44	noarch
python3-netifaces	0:0.11.0-16.fc44	aarch64
python3-newt	0:0.52.25-6.fc44	aarch64
python3-nftables	1:1.1.6-2.fc44	noarch
python3-numpy	1:2.4.6-1.fc44	aarch64
python3-numpy-f2py	1:2.4.6-1.fc44	aarch64
python3-olefile	0:0.47-13.fc44	noarch
python3-packaging	0:25.0-8.fc44	noarch
python3-perf	0:7.0.13-400.asahi.fc44	aarch64
python3-pexpect	0:4.9.0-15.fc44	noarch
python3-pid	0:3.0.4-5.fc44	noarch
python3-pillow	0:12.3.0-1.fc44	aarch64
python3-pip	0:26.0.1-2.fc44	noarch
python3-ply	0:3.11-33.fc44	noarch
python3-policycoreutils	0:3.10-4.fc44	noarch
python3-productmd	0:1.50-2.fc44	noarch
python3-psutil	0:7.2.2-1.fc44	aarch64
python3-ptyprocess	0:0.7.0-15.fc44	noarch
python3-pulsectl	0:24.12.0-6.fc44	noarch
python3-pwquality	0:1.4.5-15.fc44	aarch64
python3-pyatspi	0:2.58.2-1.fc44	noarch
python3-pyaudio	0:0.2.13-11.fc44	aarch64
python3-pycparser	0:2.22-8.fc44	noarch
python3-pygdbmi	0:0.11.0.0-12.fc44	noarch
python3-pygments	0:2.19.1-9.fc44	noarch
python3-pyparted	1:3.13.0-14.fc44	aarch64
python3-pyqt5-sip	0:12.17.1-2.fc44	aarch64
python3-pysocks	0:1.7.1-32.fc44	noarch
python3-pyudev	0:0.24.4-3.fc44	noarch
python3-pyxdg	0:0.28-1.fc44	noarch
python3-pyyaml	0:6.0.3-3.fc44	aarch64
python3-qt5	0:5.15.12-0.2.fc44	aarch64
python3-qt5-base	0:5.15.12-0.2.fc44	aarch64
python3-rapidfuzz	0:3.14.3-2.fc44	aarch64
python3-referencing	0:0.36.2-6.fc44	noarch
python3-regex	0:2026.5.9-1.fc44	aarch64
python3-reportlab	0:4.5.1-1.fc44	noarch
python3-requests	0:2.33.1-1.fc44	noarch
python3-requests-file	0:3.0.0-2.fc44	noarch
python3-requests-ftp	0:0.3.1-43.fc44	noarch
python3-rich	0:14.3.2-1.fc44	noarch
python3-rpds-py	0:0.29.0-4.fc44	aarch64
python3-rpm	0:6.0.1-2.fc44	aarch64
python3-s3transfer	0:0.19.1-1.fc44	noarch
python3-satyr	0:0.43-10.fc44	aarch64
python3-sentry-sdk	0:2.48.0-2.fc44	noarch
python3-setools	0:4.6.0-5.fc44	aarch64
python3-setuptools	0:80.10.2-3.fc44	noarch
python3-simpleaudio	0:1.0.4-21.fc44	aarch64
python3-simpleline	0:1.9.0-18.fc44	noarch
python3-six	0:1.17.0-8.fc44	noarch
python3-sniffio	0:1.3.1-9.fc44	noarch
python3-soupsieve	0:2.8.3-1.fc44	noarch
python3-speechd	0:0.12.1-6.fc44	aarch64
python3-systemd	0:235-18.fc44	aarch64
python3-tkinter	0:3.14.6-1.fc44	aarch64
python3-typing-extensions	0:4.15.0-3.fc44	noarch
python3-unbound	0:1.25.1-1.fc44	aarch64
python3-urllib3	0:2.7.0-1.fc44	noarch
python3-urllib3+socks	0:2.7.0-1.fc44	noarch
python3-xkbregistry	0:0.3-9.fc44	aarch64
python3-xlib	0:0.33-16.fc44	noarch
python-pip-wheel	0:26.0.1-2.fc44	noarch
python-qt5-rpm-macros	0:5.15.12-0.2.fc44	noarch
python-unversioned-command	0:3.14.6-1.fc44	noarch
qaccessibilityclient-qt6	0:0.6.0-5.fc44	aarch64
qca-qt6	0:2.3.10-4.fc44	aarch64
qca-qt6-ossl	0:2.3.10-4.fc44	aarch64
qcom-wwan-firmware	0:20260622-1.fc44	noarch
qcoro-qt6	0:0.12.0-6.fc44	aarch64
qemu-guest-agent	2:10.2.2-1.fc44	aarch64
qgpgme-qt6	0:2.0.1-5.fc44	aarch64
qpdf-libs	0:12.3.2-1.fc44	aarch64
qqc2-breeze-style	0:6.7.3-1.fc44	aarch64
qrca	0:26.04.3-1.fc44	aarch64
qrencode-libs	0:4.1.1-12.fc44	aarch64
qrtr	0:1.2-2.fc44	aarch64
qrtr-libs	0:1.2-2.fc44	aarch64
qt5-filesystem	0:5.15.18-2.fc44	aarch64
qt5-qtbase	0:5.15.18-2.fc44	aarch64
qt5-qtbase-common	0:5.15.18-2.fc44	noarch
qt5-qtbase-gui	0:5.15.18-2.fc44	aarch64
qt5-qtconnectivity	0:5.15.18-2.fc44	aarch64
qt5-qtdeclarative	0:5.15.18-2.fc44	aarch64
qt5-qtfeedback	0:20180903gita14bd0b-13.fc44	aarch64
qt5-qtgraphicaleffects	0:5.15.18-2.fc44	aarch64
qt5-qtimageformats	0:5.15.18-2.fc44	aarch64
qt5-qtlocation	0:5.15.18-2.fc44	aarch64
qt5-qtmultimedia	0:5.15.18-2.fc44	aarch64
qt5-qtquickcontrols	0:5.15.18-2.fc44	aarch64
qt5-qtquickcontrols2	0:5.15.18-2.fc44	aarch64
qt5-qtsensors	0:5.15.18-2.fc44	aarch64
qt5-qtserialport	0:5.15.18-2.fc44	aarch64
qt5-qtspeech	0:5.15.18-2.fc44	aarch64
qt5-qtspeech-speechd	0:5.15.18-2.fc44	aarch64
qt5-qtsvg	0:5.15.18-2.fc44	aarch64
qt5-qttools-common	0:5.15.18-4.fc44	noarch
qt5-qttools-libs-designer	0:5.15.18-4.fc44	aarch64
qt5-qttools-libs-help	0:5.15.18-4.fc44	aarch64
qt5-qttranslations	0:5.15.18-2.fc44	noarch
qt5-qtwayland	0:5.15.18-2.fc44	aarch64
qt5-qtwebchannel	0:5.15.18-2.fc44	aarch64
qt5-qtwebkit	0:5.212.0-0.98alpha4.fc44	aarch64
qt5-qtwebsockets	0:5.15.18-2.fc44	aarch64
qt5-qtx11extras	0:5.15.18-2.fc44	aarch64
qt5-qtxmlpatterns	0:5.15.18-2.fc44	aarch64
qt6-filesystem	0:6.11.1-1.fc44	aarch64
qt6-qt5compat	0:6.11.1-1.fc44	aarch64
qt6-qtbase	0:6.11.1-1.fc44	aarch64
qt6-qtbase-common	0:6.11.1-1.fc44	noarch
qt6-qtbase-gui	0:6.11.1-1.fc44	aarch64
qt6-qtbase-mysql	0:6.11.1-1.fc44	aarch64
qt6-qtconnectivity	0:6.11.1-1.fc44	aarch64
qt6-qtdeclarative	0:6.11.1-3.fc44	aarch64
qt6-qtimageformats	0:6.11.1-1.fc44	aarch64
qt6-qtlocation	0:6.11.1-1.fc44	aarch64
qt6-qtmultimedia	0:6.11.1-1.fc44	aarch64
qt6-qtnetworkauth	0:6.11.1-1.fc44	aarch64
qt6-qtpdf	0:6.11.1-1.fc44	aarch64
qt6-qtpositioning	0:6.11.1-1.fc44	aarch64
qt6-qtquick3d	0:6.11.1-1.fc44	aarch64
qt6-qtquicktimeline	0:6.11.1-1.fc44	aarch64
qt6-qtscxml	0:6.11.1-1.fc44	aarch64
qt6-qtsensors	0:6.11.1-1.fc44	aarch64
qt6-qtserialport	0:6.11.1-1.fc44	aarch64
qt6-qtshadertools	0:6.11.1-1.fc44	aarch64
qt6-qtspeech	0:6.11.1-1.fc44	aarch64
qt6-qtspeech-flite	0:6.11.1-1.fc44	aarch64
qt6-qtspeech-speechd	0:6.11.1-1.fc44	aarch64
qt6-qtsvg	0:6.11.1-1.fc44	aarch64
qt6-qttools	0:6.11.1-1.fc44	aarch64
qt6-qttools-common	0:6.11.1-1.fc44	noarch
qt6-qttranslations	0:6.11.1-1.fc44	noarch
qt6-qtvirtualkeyboard	0:6.11.1-1.fc44	aarch64
qt6-qtwayland	0:6.11.1-1.fc44	aarch64
qt6-qtwebchannel	0:6.11.1-1.fc44	aarch64
qt6-qtwebengine	0:6.11.1-1.fc44	aarch64
qt6-qtwebsockets	0:6.11.1-1.fc44	aarch64
qt6-qtwebview	0:6.11.1-1.fc44	aarch64
qtkeychain-qt6	0:0.16.0-1.fc44	aarch64
qt-settings	0:43.101-3.fc44	noarch
quota	1:4.11-2.fc44	aarch64
quota-nls	1:4.11-2.fc44	noarch
raptor2	0:2.0.15-50.fc44	aarch64
rasqal	0:0.9.33-32.fc44	aarch64
rav1e-libs	0:0.8.1-3.fc44	aarch64
rdma-core-common	0:61.0-2.fc44	noarch
re2	2:20251105-4.fc44	aarch64
readline	0:8.3-4.fc44	aarch64
realmd	0:0.17.1-19.fc44	aarch64
realtek-firmware	0:20260622-1.fc44	noarch
redhat-menus	0:12.0.2-39.fc44	noarch
redland	0:1.0.17-41.fc44	aarch64
ripgrep	0:14.1.1-4.fc44	aarch64
rit-meera-new-fonts	0:1.6.2-5.fc44	noarch
rit-rachana-fonts	0:1.5.2-5.fc44	noarch
rmtfs	0:1.1.1-2.fc44	aarch64
rocm-smi	0:7.1.1-3.fc44	aarch64
rofi	0:2.0.0-2.fc44	aarch64
rofi-themes	0:2.0.0-2.fc44	noarch
rootfiles	0:9.0-6.fc44	noarch
rpcbind	0:1.2.9-2.fc44	aarch64
rpm	0:6.0.1-2.fc44	aarch64
rpm-build-libs	0:6.0.1-2.fc44	aarch64
rpm-libs	0:6.0.1-2.fc44	aarch64
rpm-plugin-audit	0:6.0.1-2.fc44	aarch64
rpm-plugin-selinux	0:6.0.1-2.fc44	aarch64
rpm-plugin-systemd-inhibit	0:6.0.1-2.fc44	aarch64
rpm-sequoia	0:1.10.2-4.fc44	aarch64
rpm-sign-libs	0:6.0.1-2.fc44	aarch64
rsync	0:3.4.4-1.fc44	aarch64
rsyslog	0:8.2604.0-1.fc44	aarch64
rtkit	0:0.11-70.fc44	aarch64
rubberband-libs	0:4.0.0-5.fc44	aarch64
samba	2:4.24.4-1.fc44	aarch64
samba-client	2:4.24.4-1.fc44	aarch64
samba-client-libs	2:4.24.4-1.fc44	aarch64
samba-common	2:4.24.4-1.fc44	noarch
samba-common-tools	2:4.24.4-1.fc44	aarch64
samba-core-libs	2:4.24.4-1.fc44	aarch64
samba-dcerpc	2:4.24.4-1.fc44	aarch64
samba-ldb-ldap-modules	2:4.24.4-1.fc44	aarch64
samba-libs	2:4.24.4-1.fc44	aarch64
samba-ndr-libs	2:4.24.4-1.fc44	aarch64
samba-usershares	2:4.24.4-1.fc44	noarch
sane-airscan	0:0.99.36-2.fc44	aarch64
sane-backends	0:1.4.0-6.fc44	aarch64
sane-backends-drivers-cameras	0:1.4.0-6.fc44	aarch64
sane-backends-drivers-scanners	0:1.4.0-6.fc44	aarch64
sane-backends-libs	0:1.4.0-6.fc44	aarch64
satyr	0:0.43-10.fc44	aarch64
sdbus-cpp	0:2.2.1-2.fc44	aarch64
sddm	0:0.21.0-13.fc44	aarch64
sddm-breeze	0:6.7.3-1.fc44	noarch
sddm-kcm	0:6.7.3-1.fc44	aarch64
sddm-wayland-plasma	0:6.7.3-1.fc44	noarch
sdl12-compat	0:1.2.74-1.fc44	aarch64
sdl2-compat	0:2.32.70-1.fc44	aarch64
SDL2_ttf	0:2.24.0-3.fc44	aarch64
SDL3	0:3.4.12-1.fc44	aarch64
SDL3_image	0:3.4.4-1.fc44	aarch64
SDL3_ttf	0:3.2.2-4.fc44	aarch64
sed	0:4.9-7.fc44	aarch64
selinux-policy	0:44.4-1.fc44	noarch
selinux-policy-targeted	0:44.4-1.fc44	noarch
serd	0:0.32.8-1.fc44	aarch64
setroubleshoot	0:3.3.36-3.fc44	aarch64
setroubleshoot-plugins	0:3.3.15-6.fc44	noarch
setroubleshoot-server	0:3.3.36-3.fc44	aarch64
setup	0:2.15.0-28.fc44	noarch
setxkbmap	0:1.3.4-7.fc44	aarch64
sgml-common	0:0.6.3-68.fc44	noarch
shadow-utils	2:4.19.0-7.fc44	aarch64
shadow-utils-subid	2:4.19.0-7.fc44	aarch64
shared-mime-info	0:2.4-3.fc44	aarch64
shim-aa64	0:16.1-5	aarch64
signon	0:8.60^20240205.c8ad982-5.fc44	aarch64
signon-kwallet-extension	0:26.04.3-1.fc44	aarch64
signon-plugin-oauth2	0:0.25^20231216.fab6988-7.fc44	aarch64
signon-qt5	0:8.60^20240205.c8ad982-5.fc44	aarch64
signon-qt6	0:8.60^20240205.c8ad982-5.fc44	aarch64
signon-ui	0:0.15^20240205.eef943f-6.fc44	aarch64
sil-padauk-fonts	0:3.003-21.fc44	noarch
skanpage	0:26.04.3-1.fc44	aarch64
skopeo	1:1.22.2-1.fc44	aarch64
slang	0:2.3.3-9.fc44	aarch64
slurp	0:1.5.0-6.fc44	aarch64
smartmontools	1:7.5-6.fc44	aarch64
smartmontools-selinux	1:7.5-6.fc44	noarch
snappy	0:1.2.2-4.fc44	aarch64
socat	0:1.8.1.1-1.fc44	aarch64
sord	0:0.16.22-1.fc44	aarch64
sos	0:4.11.2-1.fc44	noarch
sound-theme-freedesktop	0:0.8-31.fc44	noarch
soundtouch	0:2.4.0-3.fc44	aarch64
source-highlight	0:3.1.9-27.fc44	aarch64
soxr	0:0.1.3-21.fc44	aarch64
spandsp	0:0.0.6-22.fc44	aarch64
spdlog	0:1.15.3-4.fc44	aarch64
speakersafetyd	0:1.0.2-8.fc44	aarch64
spectacle	1:6.7.3-1.fc44	aarch64
speech-dispatcher	0:0.12.1-6.fc44	aarch64
speech-dispatcher-espeak-ng	0:0.12.1-6.fc44	aarch64
speech-dispatcher-libs	0:0.12.1-6.fc44	aarch64
speech-dispatcher-utils	0:0.12.1-6.fc44	aarch64
speex	0:1.2.0-21.fc44	aarch64
spice-vdagent	0:0.23.0-2.fc44	aarch64
spice-webdavd	0:3.0-13.fc44	aarch64
spirv-llvm-translator	0:22.1.2-1.fc44	aarch64
spirv-tools-libs	0:2026.1-1.fc44	aarch64
sqlite-libs	0:3.51.2-1.fc44	aarch64
squashfs-tools	0:4.6.1-8.fc44	aarch64
squashfuse	0:0.5.2-6.fc44	aarch64
squashfuse-libs	0:0.5.2-6.fc44	aarch64
sratom	0:0.6.22-1.fc44	aarch64
srt-libs	0:1.5.6-1.fc44	aarch64
sso-mib-libs	0:0.8.0-1.fc44	aarch64
sssd-client	0:2.13.1-2.fc44	aarch64
sssd-common	0:2.13.1-2.fc44	aarch64
sssd-kcm	0:2.13.1-2.fc44	aarch64
sssd-krb5-common	0:2.13.1-2.fc44	aarch64
sssd-nfs-idmap	0:2.13.1-2.fc44	aarch64
sssd-proxy	0:2.13.1-2.fc44	aarch64
startup-notification	0:0.12-33.fc44	aarch64
stix-fonts	0:2.13b171-10.fc44	noarch
stoken-libs	0:0.93-2.fc44	aarch64
subversion	0:1.14.5-26.fc44	aarch64
subversion-libs	0:1.14.5-26.fc44	aarch64
sudo	0:1.9.17-8.p2.fc44	aarch64
sudo-python-plugin	0:1.9.17-8.p2.fc44	aarch64
suitesparse	0:7.11.0-2.fc44	aarch64
svt-av1-libs	0:3.1.2-2.fc44	aarch64
swaybg	0:1.2.2-1.fc44	aarch64
swaylock	0:1.8.5-1.fc44	aarch64
switcheroo-control	0:3.0-5.fc44	aarch64
symlinks	0:1.7-14.fc44	aarch64
system-config-language	0:3.5.1-2.fc44	noarch
system-config-printer-libs	0:1.5.18-17.fc44	noarch
system-config-printer-udev	0:1.5.18-17.fc44	aarch64
systemd	0:259.7-1.fc44	aarch64
systemd-libs	0:259.7-1.fc44	aarch64
systemd-networkd	0:259.7-1.fc44	aarch64
systemd-oomd-defaults	0:259.7-1.fc44	noarch
systemd-pam	0:259.7-1.fc44	aarch64
systemd-resolved	0:259.7-1.fc44	aarch64
systemd-shared	0:259.7-1.fc44	aarch64
systemd-sysusers	0:259.7-1.fc44	aarch64
systemd-udev	0:259.7-1.fc44	aarch64
systemtap	0:5.5-1.fc44	aarch64
systemtap-client	0:5.5-1.fc44	aarch64
systemtap-devel	0:5.5-1.fc44	aarch64
systemtap-runtime	0:5.5-1.fc44	aarch64
taglib	0:2.3-2.fc44	aarch64
tar	2:1.35-8.fc44	aarch64
tbb	0:2022.3.0-3.fc44	aarch64
tcl	1:9.0.2-1.fc44	aarch64
tcl8	1:8.6.17-2.fc44	aarch64
tcpdump	14:4.99.6-3.fc44	aarch64
teamd	0:1.32-13.fc44	aarch64
tecla	0:50.0-1.fc44	aarch64
tesseract-common	0:5.5.2-1.fc44	noarch
tesseract-langpack-eng	0:4.1.0-12.fc44	noarch
tesseract-libs	0:5.5.2-1.fc44	aarch64
tesseract-tessdata-doc	0:4.1.0-12.fc44	noarch
thrift	0:0.20.0-9.fc44	aarch64
time	0:1.9-28.fc44	aarch64
tiny-dfr	0:0.3.7-3.fc44	aarch64
tinysparql	0:3.11.1-1.fc44	aarch64
tinyxml2	0:11.0.0-2.fc44	aarch64
tiwilink-firmware	0:20260622-1.fc44	noarch
tk	1:9.0.2-2.fc44	aarch64
tk8	1:8.6.17-2.fc44	aarch64
tomlplusplus	0:3.4.0-7.fc44	aarch64
toolbox	0:0.3-4.fc44	aarch64
totem-pl-parser	0:3.26.7-1.fc44	aarch64
tpm2-tools	0:5.7-5.fc44	aarch64
tpm2-tss	0:4.1.3-9.fc44	aarch64
tpm2-tss-fapi	0:4.1.3-9.fc44	aarch64
traceroute	3:2.1.6-4.fc44	aarch64
tree	0:2.2.1-4.fc44	aarch64
tree-sitter-cli	0:0.26.9-2.fc44	aarch64
tslib	0:1.24-2.fc44	aarch64
tuned	0:2.27.0-1.fc44	noarch
tuned-ppd	0:2.27.0-1.fc44	noarch
twolame-libs	0:0.4.0-9.fc44	aarch64
tzdata	0:2026b-1.fc44	noarch
tzdata-java	0:2026b-1.fc44	noarch
uboot-images-armv8	1:2026.04-102.fc44	noarch
uchardet	0:0.0.8-10.fc44	aarch64
udev-hid-bpf	0:2.2.0.20251121-4.fc44	aarch64
udev-hid-bpf-stable	0:2.2.0.20251121-4.fc44	aarch64
udftools	0:2.3-13.fc44	aarch64
udisks2	0:2.11.1-2.fc44	aarch64
unar	0:1.10.8-15.fc44	aarch64
unbound-anchor	0:1.25.1-1.fc44	aarch64
unbound-libs	0:1.25.1-1.fc44	aarch64
unibilium	0:2.1.2-5.fc44	aarch64
unicode-ucd	0:17.0.0-2.fc44	noarch
unity-gtk3-module	0:0.0.0+17.04.20170403-24.fc44	aarch64
unity-gtk-module-common	0:0.0.0+17.04.20170403-24.fc44	noarch
unixODBC	0:2.3.14-3.fc44	aarch64
unzip	0:6.0-69.fc44	aarch64
update-m1n1	0:20250713-7.fc44	noarch
upower	0:1.91.3-1.fc44	aarch64
upower-libs	0:1.91.3-1.fc44	aarch64
uresourced	0:0.5.4-5.fc44	aarch64
uriparser	0:1.0.2-1.fc44	aarch64
urw-base35-bookman-fonts	0:20200910-27.fc44	noarch
urw-base35-c059-fonts	0:20200910-27.fc44	noarch
urw-base35-d050000l-fonts	0:20200910-27.fc44	noarch
urw-base35-fonts	0:20200910-27.fc44	noarch
urw-base35-fonts-common	0:20200910-27.fc44	noarch
urw-base35-gothic-fonts	0:20200910-27.fc44	noarch
urw-base35-nimbus-mono-ps-fonts	0:20200910-27.fc44	noarch
urw-base35-nimbus-roman-fonts	0:20200910-27.fc44	noarch
urw-base35-nimbus-sans-fonts	0:20200910-27.fc44	noarch
urw-base35-p052-fonts	0:20200910-27.fc44	noarch
urw-base35-standard-symbols-ps-fonts	0:20200910-27.fc44	noarch
urw-base35-z003-fonts	0:20200910-27.fc44	noarch
usb_modeswitch	0:2.6.2-5.fc44	aarch64
usb_modeswitch-data	0:20191128-15.fc44	noarch
usbmuxd	0:1.1.1^20251205git3ded00c-1.fc44	aarch64
usbutils	0:019-2.fc44	aarch64
usermode	0:1.114-16.fc44	aarch64
userspace-rcu	0:0.15.6-1.fc44	aarch64
utf8proc	0:2.11.3-2.fc44	aarch64
util-linux	0:2.41.5-1.fc44	aarch64
util-linux-core	0:2.41.5-1.fc44	aarch64
uwsm	0:0.24.3-1.fc44	noarch
vazirmatn-vf-fonts	0:33.003-16.fc44	noarch
vid.stab	0:1.1.1-8.fc44	aarch64
vigra	0:1.12.1-7.fc44	aarch64
vim-data	2:9.2.782-1.fc44	noarch
vim-minimal	2:9.2.782-1.fc44	aarch64
virglrenderer	0:1.3.0-1.fc44	aarch64
virt-what	0:1.27-5.fc44	aarch64
vlc-libs	1:3.0.23-10.fc44	aarch64
vlc-plugin-ffmpeg	1:3.0.23-10.fc44	aarch64
vlc-plugin-gstreamer	1:3.0.23-10.fc44	aarch64
vlc-plugin-pipewire	0:3-7.fc44	aarch64
vlc-plugin-pulseaudio	1:3.0.23-10.fc44	aarch64
vlc-plugins-base	1:3.0.23-10.fc44	aarch64
vlc-plugins-video-out	1:3.0.23-10.fc44	aarch64
vo-amrwbenc	0:0.1.3-24.fc44	aarch64
volume_key-libs	0:0.3.12-29.fc44	aarch64
vpnc	0:0.5.3^20241114.git11e15a1-4.fc44	aarch64
vpnc-script	0:20230907-7.git5b9e7e4c.fc44	noarch
vulkan-loader	0:1.4.341.0-1.fc44	aarch64
vulkan-tools	0:1.4.341.0-1.fc44	aarch64
wavpack	0:5.9.0-2.fc44	aarch64
waybar	0:0.15.0^1.git98b2a56-1.fc44	aarch64
wayland-utils	0:1.3.0-3.fc44	aarch64
wcurl	0:2026.01.05-2.fc44	noarch
webrtc-audio-processing	0:2.1-5.fc44	aarch64
wev	0:1.1.0-1.fc44	aarch64
wget2	0:2.2.1-2.fc44	aarch64
wget2-libs	0:2.2.1-2.fc44	aarch64
wget2-wget	0:2.2.1-2.fc44	aarch64
which	0:2.25-1.fc44	aarch64
whois	0:5.6.6-1.fc44	aarch64
whois-nls	0:5.6.6-1.fc44	noarch
widevine-installer	0:0^20240812giteab8c66-4.fc44	aarch64
wireless-regdb	0:2026.05.30-1.fc44	noarch
wireplumber	0:0.5.14-1.fc44	aarch64
wireplumber-libs	0:0.5.14-1.fc44	aarch64
wl-clipboard	0:2.2.1^git20251124.e808203-2.fc44	aarch64
wlr-randr	0:0.5.0-3.fc44	aarch64
wodim	0:1.1.11-63.fc44	aarch64
woff2	0:1.0.2-25.fc44	aarch64
wofi	0:1.5.3-2.fc44	aarch64
words	0:3.0-63.fc44	noarch
wpa_supplicant	1:2.11-9.fc44	aarch64
xapian-core-libs	0:1.4.30-2.fc44	aarch64
xcb-imdkit	0:1.0.9-6.fc44	aarch64
xcb-util	0:0.4.1-9.fc44	aarch64
xcb-util-cursor	0:0.1.6-2.fc44	aarch64
xcb-util-errors	0:1.0.1-7.fc44	aarch64
xcb-util-image	0:0.4.1-9.fc44	aarch64
xcb-util-keysyms	0:0.4.1-9.fc44	aarch64
xcb-util-renderutil	0:0.3.10-9.fc44	aarch64
xcb-util-wm	0:0.4.2-9.fc44	aarch64
xclip	0:0.13-26.git11cba61.fc44	aarch64
xdg-dbus-proxy	0:0.1.7-1.fc44	aarch64
xdg-desktop-portal	0:1.22.1-1.fc44	aarch64
xdg-desktop-portal-gtk	0:1.15.3-3.fc44	aarch64
xdg-desktop-portal-hyprland	1:1.4.0-1.fc44	aarch64
xdg-desktop-portal-kde	0:6.7.3-1.fc44	aarch64
xdg-terminal-exec	0:0.14.1-2.fc44	noarch
xdg-user-dirs	0:0.18-11.fc43	aarch64
xdg-utils	0:1.2.1-5.fc44	noarch
xdotool	1:3.20211022.1-10.fc44	aarch64
xdpyinfo	0:1.3.4-4.fc44	aarch64
xdriinfo	0:1.0.7-6.fc44	aarch64
xerces-c	0:3.3.0-9.fc44	aarch64
xevd-libs	0:0.5.0-6.fc44	aarch64
xeve-libs	0:0.5.1-6.fc44	aarch64
xfsprogs	0:7.1.1-1.fc44	aarch64
xhost	0:1.0.9-11.fc44	aarch64
xkbcomp	0:1.5.0-2.fc44	aarch64
xkeyboard-config	0:2.47-1.fc44	noarch
xl2tpd	0:1.3.17-7.fc42	aarch64
xmessage	0:1.0.7-8.fc44	aarch64
xml-common	0:0.6.3-68.fc44	noarch
xmlrpc-c	0:1.60.04-5.fc44	aarch64
xmlrpc-c-client	0:1.60.04-5.fc44	aarch64
xmlsec1	1:1.2.41-4.fc44	aarch64
xmlsec1-nss	1:1.2.41-4.fc44	aarch64
xmlsec1-openssl	1:1.2.41-4.fc44	aarch64
xmodmap	0:1.0.11-10.fc44	aarch64
xorg-x11-server-Xwayland	0:24.1.13-1.fc44	aarch64
xorg-x11-xauth	1:1.1.5-1.fc44	aarch64
xorg-x11-xinit	0:1.4.3-4.fc44	aarch64
xprop	0:1.2.8-5.fc44	aarch64
xrandr	0:1.5.3-4.fc44	aarch64
xrdb	0:1.2.2-7.fc44	aarch64
xsel	0:1.2.1-10.fc44	aarch64
xsettingsd	0:1.0.2-13.fc44	aarch64
xvidcore	0:1.3.7-19.fc44	aarch64
xwaylandvideobridge	0:0.5.0-1.fc44	aarch64
xxd	2:9.2.782-1.fc44	aarch64
xxhash-libs	0:0.8.3-4.fc44	aarch64
xz	1:5.8.2-2.fc44	aarch64
xz-devel	1:5.8.2-2.fc44	aarch64
xz-libs	1:5.8.2-2.fc44	aarch64
yajl	0:2.1.0-40.fc44	aarch64
yaml-cpp	0:0.8.0-5.fc44	aarch64
ydotool	0:1.0.4-8.fc44	aarch64
zchunk-libs	0:1.5.1-4.fc44	aarch64
zenity	0:4.2.2-1.fc44	aarch64
zeromq	0:4.3.5-22.fc43	aarch64
zimg	0:3.0.6-3.fc44	aarch64
zip	0:3.0-45.fc44	aarch64
zix	0:0.8.0-2.fc44	aarch64
zlib-ng-compat	0:2.3.3-3.fc44	aarch64
zlib-ng-compat-devel	0:2.3.3-3.fc44	aarch64
zoxide	0:0.9.8-2.fc44	aarch64
zram-generator	0:1.2.1-5.fc44	aarch64
zram-generator-defaults	0:1.2.1-5.fc44	noarch
zstd	0:1.5.7-5.fc44	aarch64
zvbi	0:0.2.44-3.fc44	aarch64
zxcvbn-c	0:2.6-2.fc44	aarch64
zxing-cpp	0:2.2.1-6.fc44	aarch64
